imei_code,route_code,passed_at,next_busstop,status
35,17202,2016-05-09 05:30:53,2046,1
38,76000,2016-05-09 06:41:27,2046,1
114,88002,2016-05-09 06:55:12,2046,1
36,66020,2016-05-09 07:03:51,2046,1
38,2,2016-05-09 07:08:16,2046,1
32,66021,2016-05-09 07:10:55,2046,1
32,66021,2016-05-09 07:13:04,1229,1
36,66020,2016-05-09 07:14:03,840,1
32,66021,2016-05-09 07:14:50,226,1
36,66020,2016-05-09 07:15:11,839,1
36,66020,2016-05-09 07:16:33,838,1
38,70101,2016-05-09 07:18:28,2046,1
36,66020,2016-05-09 07:18:50,811,1
32,66021,2016-05-09 07:19:48,213,1
36,66020,2016-05-09 07:19:50,810,1
111,66020,2016-05-09 07:20:24,2046,1
109,66020,2016-05-09 07:20:30,2046,1
114,88300,2016-05-09 07:20:37,2046,1
36,66020,2016-05-09 07:20:51,809,1
32,66021,2016-05-09 07:23:29,869,1
36,66020,2016-05-09 07:24:11,808,1
59,17011,2016-05-09 07:24:11,2046,1
111,66020,2016-05-09 07:24:12,840,1
111,66020,2016-05-09 07:25:12,839,1
36,66020,2016-05-09 07:25:35,807,1
111,66020,2016-05-09 07:25:56,838,1
36,66020,2016-05-09 07:27:22,212,1
60,66020,2016-05-09 06:20:40,2046,1
35,17220,2016-05-09 06:26:07,2046,1
60,66020,2016-05-09 06:36:05,840,1
264,17001,2016-05-09 06:36:59,2046,1
115,66020,2016-05-09 06:37:02,2046,1
60,66020,2016-05-09 06:37:05,839,1
60,66020,2016-05-09 06:38:01,838,1
60,66020,2016-05-09 06:42:02,811,1
60,66020,2016-05-09 06:43:05,810,1
60,66020,2016-05-09 06:43:39,809,1
60,66020,2016-05-09 06:46:14,808,1
60,66020,2016-05-09 06:47:28,807,1
115,66020,2016-05-09 06:48:05,840,1
60,66020,2016-05-09 06:48:56,212,1
115,66020,2016-05-09 06:49:01,839,1
115,66020,2016-05-09 06:49:48,838,1
115,66020,2016-05-09 06:53:36,811,1
115,66020,2016-05-09 06:54:43,810,1
115,66020,2016-05-09 06:55:21,809,1
115,66020,2016-05-09 06:58:08,808,1
35,17001,2016-05-09 06:58:50,2046,1
115,66020,2016-05-09 06:59:15,807,1
60,66020,2016-05-09 07:01:17,213,1
115,66020,2016-05-09 07:01:41,212,1
60,66020,2016-05-09 07:02:35,225,1
60,66020,2016-05-09 07:04:51,228,1
60,66020,2016-05-09 07:06:24,229,1
60,66020,2016-05-09 07:09:03,2047,2
41,88200,2016-05-09 07:12:09,2046,1
115,77002,2016-05-09 05:47:10,2046,1
40,2,2016-05-09 05:47:21,2046,1
40,75131,2016-05-09 05:57:54,2046,1
40,75100,2016-05-09 06:12:08,2046,1
34,77002,2016-05-09 06:12:40,2046,1
267,66020,2016-05-09 06:16:08,2046,1
267,66020,2016-05-09 06:20:11,840,1
267,66020,2016-05-09 06:21:06,839,1
267,66020,2016-05-09 06:21:53,838,1
267,66020,2016-05-09 06:25:47,811,1
267,66020,2016-05-09 06:26:51,810,1
267,66020,2016-05-09 06:27:24,809,1
267,66020,2016-05-09 06:30:13,808,1
267,66020,2016-05-09 06:31:20,807,1
267,66020,2016-05-09 06:32:49,212,1
267,66020,2016-05-09 06:43:53,213,1
267,66020,2016-05-09 06:45:13,225,1
267,66020,2016-05-09 06:47:11,228,1
116,77002,2016-05-09 06:47:26,2046,1
267,66020,2016-05-09 06:48:59,229,1
267,66020,2016-05-09 06:50:22,2047,2
40,75101,2016-05-09 06:51:07,2046,1
267,66021,2016-05-09 06:51:28,2046,1
116,77000,2016-05-09 06:53:24,2046,1
267,66021,2016-05-09 07:06:10,1229,1
267,66021,2016-05-09 07:08:05,226,1
267,66021,2016-05-09 07:12:26,213,1
267,66021,2016-05-09 07:15:01,869,1
116,76000,2016-05-09 07:20:06,2046,1
267,66021,2016-05-09 07:27:55,807,1
40,75100,2016-05-09 07:29:19,2046,1
267,66021,2016-05-09 07:29:50,808,1
267,66021,2016-05-09 07:31:45,809,1
267,66021,2016-05-09 07:32:36,810,1
267,66021,2016-05-09 07:35:03,811,1
267,66021,2016-05-09 07:36:44,838,1
267,66021,2016-05-09 07:37:40,839,1
267,66021,2016-05-09 07:41:01,840,1
267,66021,2016-05-09 07:42:10,841,1
267,66021,2016-05-09 07:42:40,2047,2
267,66002,2016-05-09 07:43:14,2046,1
116,70100,2016-05-09 07:44:38,2046,1
267,66020,2016-05-09 07:45:05,2046,1
37,65000,2016-05-09 07:48:25,2046,1
267,66020,2016-05-09 07:50:10,840,1
267,66020,2016-05-09 07:51:11,839,1
267,66020,2016-05-09 07:51:59,838,1
267,66020,2016-05-09 07:54:53,811,1
60,66002,2016-05-09 05:32:28,2046,1
117,17220,2016-05-09 06:57:51,2046,1
117,17220,2016-05-09 06:58:01,2046,1
117,17220,2016-05-09 06:58:10,2046,1
112,66020,2016-05-09 06:58:11,2046,1
117,17220,2016-05-09 06:58:20,2046,1
117,17220,2016-05-09 06:58:29,2046,1
117,17220,2016-05-09 06:58:39,2046,1
117,17220,2016-05-09 06:58:48,2046,1
117,17220,2016-05-09 06:58:58,2046,1
117,17220,2016-05-09 06:59:07,2046,1
112,66020,2016-05-09 07:02:28,840,1
112,66020,2016-05-09 07:03:05,839,1
112,66020,2016-05-09 07:03:48,838,1
34,75100,2016-05-09 07:04:23,2046,1
112,66020,2016-05-09 07:07:12,811,1
112,66020,2016-05-09 07:08:10,810,1
112,66020,2016-05-09 07:09:04,809,1
112,66020,2016-05-09 07:12:14,808,1
112,66020,2016-05-09 07:13:47,807,1
112,66020,2016-05-09 07:15:43,212,1
112,66020,2016-05-09 07:35:47,213,1
117,17001,2016-05-09 07:36:05,2046,1
117,17001,2016-05-09 07:36:15,2046,1
117,17001,2016-05-09 07:36:24,2046,1
117,17001,2016-05-09 07:36:34,2046,1
117,17001,2016-05-09 07:36:43,2046,1
117,17001,2016-05-09 07:36:53,2046,1
117,17001,2016-05-09 07:37:02,2046,1
112,66020,2016-05-09 07:37:09,225,1
117,17001,2016-05-09 07:37:12,2046,1
117,17001,2016-05-09 07:37:21,2046,1
112,66020,2016-05-09 07:39:28,228,1
112,66020,2016-05-09 07:41:11,229,1
112,66020,2016-05-09 07:43:50,2047,2
112,66021,2016-05-09 07:43:55,2046,1
34,75101,2016-05-09 07:45:21,2046,1
112,66021,2016-05-09 07:50:10,1229,1
60,66021,2016-05-09 07:13:21,2046,1
115,66020,2016-05-09 07:15:19,213,1
115,66020,2016-05-09 07:16:45,225,1
115,66020,2016-05-09 07:18:51,228,1
115,66020,2016-05-09 07:20:27,229,1
60,66021,2016-05-09 07:22:06,1229,1
115,66020,2016-05-09 07:23:40,2047,2
60,66021,2016-05-09 07:24:13,226,1
115,77002,2016-05-09 07:24:21,2046,1
60,66021,2016-05-09 07:29:12,213,1
57,78000,2016-05-09 07:30:16,2046,1
264,65002,2016-05-09 07:31:54,2046,1
60,66021,2016-05-09 07:31:56,869,1
115,66021,2016-05-09 07:32:07,2046,1
115,66021,2016-05-09 07:36:07,1229,1
264,17000,2016-05-09 07:36:18,2046,1
115,66021,2016-05-09 07:37:33,226,1
115,66021,2016-05-09 07:42:08,213,1
115,66021,2016-05-09 07:44:05,869,1
60,66021,2016-05-09 07:44:11,807,1
60,66021,2016-05-09 07:46:11,808,1
60,66021,2016-05-09 07:47:12,809,1
57,73000,2016-05-09 07:48:22,2046,1
60,66021,2016-05-09 07:48:35,810,1
60,66021,2016-05-09 07:50:42,811,1
60,66021,2016-05-09 07:52:33,838,1
60,66021,2016-05-09 07:53:52,839,1
115,66021,2016-05-09 07:56:46,807,1
60,66021,2016-05-09 07:56:54,840,1
110,65000,2016-05-09 07:57:35,2046,1
60,66021,2016-05-09 07:58:04,841,1
115,66021,2016-05-09 07:58:06,808,1
60,66021,2016-05-09 07:58:41,2047,2
60,66002,2016-05-09 07:59:27,2046,1
115,66021,2016-05-09 08:00:03,809,1
115,66021,2016-05-09 08:00:46,810,1
60,66020,2016-05-09 08:00:52,2046,1
41,72002,2016-05-09 08:01:23,2046,1
115,66021,2016-05-09 08:03:01,811,1
115,66021,2016-05-09 08:03:58,838,1
115,66021,2016-05-09 08:04:53,839,1
60,66020,2016-05-09 08:06:07,840,1
60,66020,2016-05-09 08:07:03,839,1
115,66021,2016-05-09 08:07:18,840,1
60,66020,2016-05-09 08:07:59,838,1
115,66021,2016-05-09 08:08:15,841,1
115,66021,2016-05-09 08:08:46,2047,2
115,66020,2016-05-09 08:10:48,2046,1
60,66020,2016-05-09 08:10:52,811,1
60,66020,2016-05-09 08:11:56,810,1
41,72040,2016-05-09 08:12:26,2046,1
60,66020,2016-05-09 08:13:01,809,1
57,75170,2016-05-09 08:15:16,2046,1
35,75002,2016-05-09 08:15:33,2046,1
60,66020,2016-05-09 08:16:04,808,1
60,66020,2016-05-09 08:17:17,807,1
115,66020,2016-05-09 08:18:06,840,1
115,66020,2016-05-09 08:19:05,839,1
60,66020,2016-05-09 08:19:40,212,1
115,66020,2016-05-09 08:19:49,838,1
115,66020,2016-05-09 08:22:52,811,1
115,66020,2016-05-09 08:24:12,810,1
115,66020,2016-05-09 08:25:01,809,1
35,75101,2016-05-09 08:27:29,2046,1
115,66020,2016-05-09 08:28:07,808,1
115,66020,2016-05-09 08:29:10,807,1
264,17001,2016-05-09 08:29:29,2046,1
115,66020,2016-05-09 08:30:23,212,1
41,72030,2016-05-09 08:46:34,2046,1
60,66020,2016-05-09 08:48:50,213,1
60,66020,2016-05-09 08:51:32,225,1
110,65001,2016-05-09 08:51:56,2046,1
110,65001,2016-05-09 08:52:00,2046,1
60,66020,2016-05-09 08:54:17,228,1
42,73002,2016-05-09 08:56:25,2046,1
60,66020,2016-05-09 08:57:03,229,1
115,66020,2016-05-09 08:57:25,213,1
115,66020,2016-05-09 08:59:27,225,1
60,66020,2016-05-09 08:59:38,2047,2
60,125002,2016-05-09 09:00:26,2046,1
115,66020,2016-05-09 09:02:57,228,1
111,66020,2016-05-09 07:29:26,811,1
111,66020,2016-05-09 07:30:25,810,1
110,5002,2016-05-09 07:31:02,2046,1
111,66020,2016-05-09 07:31:23,809,1
38,74110,2016-05-09 07:33:20,2046,1
111,66020,2016-05-09 07:34:35,808,1
111,66020,2016-05-09 07:35:36,807,1
32,66021,2016-05-09 07:36:23,807,1
111,66020,2016-05-09 07:37:26,212,1
32,66021,2016-05-09 07:37:45,808,1
32,66021,2016-05-09 07:39:02,809,1
109,66020,2016-05-09 07:39:24,840,1
109,66020,2016-05-09 07:39:30,839,1
109,66020,2016-05-09 07:40:03,838,1
32,66021,2016-05-09 07:40:36,810,1
32,66021,2016-05-09 07:42:46,811,1
109,66020,2016-05-09 07:43:05,811,1
32,66021,2016-05-09 07:43:39,838,1
109,66020,2016-05-09 07:44:22,810,1
32,66021,2016-05-09 07:44:48,839,1
109,66020,2016-05-09 07:45:13,809,1
32,66021,2016-05-09 07:46:39,840,1
114,88200,2016-05-09 07:47:34,2046,1
32,66021,2016-05-09 07:47:55,841,1
109,66020,2016-05-09 07:48:08,808,1
32,66021,2016-05-09 07:48:26,2047,2
36,66020,2016-05-09 07:49:34,213,1
109,66020,2016-05-09 07:50:07,807,1
32,66020,2016-05-09 07:50:50,2046,1
36,66020,2016-05-09 07:51:11,225,1
109,66020,2016-05-09 07:52:09,212,1
36,66020,2016-05-09 07:55:50,228,1
36,66020,2016-05-09 07:57:27,229,1
32,66020,2016-05-09 07:58:04,840,1
32,66020,2016-05-09 07:59:22,839,1
36,66020,2016-05-09 07:59:43,2047,2
32,66020,2016-05-09 08:00:08,838,1
36,66021,2016-05-09 08:00:36,2046,1
33,65002,2016-05-09 08:02:11,2046,1
32,66020,2016-05-09 08:02:46,811,1
111,66020,2016-05-09 08:03:43,213,1
32,66020,2016-05-09 08:03:46,810,1
36,66021,2016-05-09 08:04:23,1229,1
32,66020,2016-05-09 08:04:46,809,1
111,66020,2016-05-09 08:05:17,225,1
36,66021,2016-05-09 08:06:06,226,1
32,66020,2016-05-09 08:08:06,808,1
111,66020,2016-05-09 08:09:29,228,1
32,66020,2016-05-09 08:09:48,807,1
38,74111,2016-05-09 08:09:50,2046,1
36,66021,2016-05-09 08:10:24,213,1
32,66020,2016-05-09 08:11:32,212,1
111,66020,2016-05-09 08:12:02,229,1
36,66021,2016-05-09 08:12:32,869,1
111,66020,2016-05-09 08:14:23,2047,2
111,66002,2016-05-09 08:14:49,2046,1
109,66020,2016-05-09 08:17:35,213,1
109,66020,2016-05-09 08:19:26,225,1
33,65000,2016-05-09 08:20:50,2046,1
111,66021,2016-05-09 08:20:54,2046,1
109,66020,2016-05-09 08:23:27,228,1
111,66021,2016-05-09 08:24:11,1229,1
36,66021,2016-05-09 08:25:09,807,1
109,66020,2016-05-09 08:25:53,229,1
111,66021,2016-05-09 08:25:59,226,1
36,66021,2016-05-09 08:26:13,808,1
36,66021,2016-05-09 08:28:00,809,1
109,66020,2016-05-09 08:28:08,2047,2
109,66021,2016-05-09 08:28:22,2046,1
36,66021,2016-05-09 08:29:20,810,1
111,66021,2016-05-09 08:30:10,213,1
36,66021,2016-05-09 08:31:10,811,1
59,17000,2016-05-09 08:31:20,2046,1
111,66021,2016-05-09 08:32:11,869,1
36,66021,2016-05-09 08:32:26,838,1
36,66021,2016-05-09 08:33:24,839,1
109,66021,2016-05-09 08:34:08,1229,1
36,66021,2016-05-09 08:35:31,840,1
109,66021,2016-05-09 08:36:19,226,1
109,66021,2016-05-09 08:36:19,226,1
36,66021,2016-05-09 08:36:57,841,1
112,66021,2016-05-09 07:51:08,226,1
112,66021,2016-05-09 07:52:26,213,1
112,66021,2016-05-09 07:56:31,869,1
112,66021,2016-05-09 07:58:34,807,1
112,66021,2016-05-09 07:58:43,869,1
112,66021,2016-05-09 08:11:05,807,1
112,66021,2016-05-09 08:13:09,808,1
112,66021,2016-05-09 08:15:06,809,1
113,65000,2016-05-09 08:15:33,2046,1
112,66021,2016-05-09 08:17:00,810,1
112,66021,2016-05-09 08:19:10,811,1
112,66021,2016-05-09 08:20:03,838,1
112,66021,2016-05-09 08:21:18,839,1
112,66021,2016-05-09 08:23:39,840,1
34,75100,2016-05-09 08:24:37,2046,1
112,66021,2016-05-09 08:25:00,841,1
112,66021,2016-05-09 08:25:26,2047,2
112,66020,2016-05-09 08:28:18,2046,1
112,66020,2016-05-09 08:33:09,840,1
112,66020,2016-05-09 08:35:15,839,1
112,66020,2016-05-09 08:35:33,838,1
112,66020,2016-05-09 08:39:13,811,1
112,66020,2016-05-09 08:40:53,810,1
112,66020,2016-05-09 08:41:17,809,1
112,66020,2016-05-09 08:44:34,808,1
112,66020,2016-05-09 08:45:34,807,1
112,66020,2016-05-09 08:46:46,212,1
117,66002,2016-05-09 08:48:34,2046,1
117,66002,2016-05-09 08:48:44,2046,1
117,66002,2016-05-09 08:48:53,2046,1
117,66002,2016-05-09 08:49:03,2046,1
117,66002,2016-05-09 08:49:12,2046,1
117,66002,2016-05-09 08:49:22,2046,1
117,66002,2016-05-09 08:49:31,2046,1
117,66002,2016-05-09 08:49:41,2046,1
117,66002,2016-05-09 08:49:50,2046,1
113,65002,2016-05-09 09:00:48,2046,1
34,72030,2016-05-09 09:05:20,2046,1
112,66020,2016-05-09 09:08:32,213,1
112,66020,2016-05-09 09:10:37,225,1
112,66020,2016-05-09 09:14:56,228,1
112,66020,2016-05-09 09:16:24,229,1
112,66020,2016-05-09 09:19:43,2047,2
113,65000,2016-05-09 09:19:47,2046,1
112,66021,2016-05-09 09:20:34,2046,1
112,66021,2016-05-09 09:27:49,1229,1
112,66021,2016-05-09 09:28:24,226,1
112,66021,2016-05-09 09:33:20,213,1
112,66021,2016-05-09 09:37:20,869,1
112,66021,2016-05-09 09:50:16,807,1
112,66021,2016-05-09 09:51:40,808,1
112,66021,2016-05-09 09:53:13,809,1
112,66021,2016-05-09 09:55:09,810,1
112,66021,2016-05-09 09:56:45,811,1
112,66021,2016-05-09 09:57:25,838,1
112,66021,2016-05-09 09:58:23,839,1
112,66021,2016-05-09 10:00:54,840,1
112,66021,2016-05-09 10:02:20,841,1
112,66021,2016-05-09 10:02:41,2047,2
113,65001,2016-05-09 10:02:47,2046,1
112,66002,2016-05-09 10:03:27,2046,1
34,72030,2016-05-09 10:06:53,2046,1
118,17011,2016-05-09 10:07:13,2046,1
40,66020,2016-05-09 10:40:05,2046,1
113,65000,2016-05-09 10:49:12,2046,1
40,66020,2016-05-09 10:49:17,840,1
40,66020,2016-05-09 10:50:14,839,1
40,66020,2016-05-09 10:50:54,838,1
40,66020,2016-05-09 10:54:50,811,1
40,66020,2016-05-09 10:55:57,810,1
40,66020,2016-05-09 10:56:56,809,1
40,66020,2016-05-09 10:59:21,808,1
40,66020,2016-05-09 11:00:36,807,1
40,66020,2016-05-09 11:02:14,212,1
34,77002,2016-05-09 11:07:34,2046,1
118,17000,2016-05-09 11:10:07,2046,1
118,17000,2016-05-09 11:10:12,2046,1
40,66020,2016-05-09 11:16:06,213,1
40,66020,2016-05-09 11:17:54,225,1
40,66020,2016-05-09 11:22:10,228,1
40,66020,2016-05-09 11:24:56,229,1
37,65002,2016-05-09 07:55:32,2046,1
267,66020,2016-05-09 07:55:56,810,1
267,66020,2016-05-09 07:56:54,809,1
267,66020,2016-05-09 08:00:08,808,1
267,66020,2016-05-09 08:01:30,807,1
267,66020,2016-05-09 08:03:25,212,1
116,70100,2016-05-09 08:12:46,2046,1
37,65000,2016-05-09 08:24:41,2046,1
40,75101,2016-05-09 08:25:04,2046,1
267,66020,2016-05-09 08:28:57,213,1
267,66020,2016-05-09 08:31:43,225,1
267,66020,2016-05-09 08:35:00,228,1
267,66020,2016-05-09 08:37:42,229,1
267,66020,2016-05-09 08:39:50,2047,2
267,66021,2016-05-09 08:40:14,2046,1
116,76000,2016-05-09 08:42:05,2046,1
267,66021,2016-05-09 08:49:09,1229,1
267,66021,2016-05-09 08:51:23,226,1
267,66021,2016-05-09 08:55:10,213,1
267,66021,2016-05-09 08:57:34,869,1
116,120000,2016-05-09 09:06:11,2046,1
40,2,2016-05-09 09:08:13,2046,1
267,66021,2016-05-09 09:10:47,807,1
267,66021,2016-05-09 09:11:24,808,1
267,66021,2016-05-09 09:12:35,809,1
267,66021,2016-05-09 09:13:58,810,1
267,66021,2016-05-09 09:16:49,811,1
267,66021,2016-05-09 09:18:16,838,1
267,66021,2016-05-09 09:19:04,839,1
37,65001,2016-05-09 09:20:03,2046,1
267,66021,2016-05-09 09:21:10,840,1
267,66021,2016-05-09 09:23:03,841,1
267,66021,2016-05-09 09:23:33,2047,2
267,66002,2016-05-09 09:24:15,2046,1
33,65000,2016-05-09 09:35:54,2046,1
37,65000,2016-05-09 09:50:13,2046,1
116,120001,2016-05-09 09:50:34,2046,1
116,73002,2016-05-09 10:21:15,2046,1
33,65001,2016-05-09 10:32:24,2046,1
37,65001,2016-05-09 10:44:20,2046,1
264,76000,2016-05-09 11:05:22,2046,1
33,66002,2016-05-09 11:05:45,2046,1
37,65002,2016-05-09 11:15:41,2046,1
264,76000,2016-05-09 11:30:00,2046,1
264,76000,2016-05-09 11:55:57,2046,1
264,70100,2016-05-09 12:17:00,2046,1
111,73200,2016-05-09 12:20:32,2046,1
264,70100,2016-05-09 12:45:26,2046,1
57,70100,2016-05-09 13:04:08,2046,1
264,78020,2016-05-09 13:15:13,2046,1
111,76000,2016-05-09 13:27:04,2046,1
264,78002,2016-05-09 13:32:13,2046,1
57,70100,2016-05-09 13:34:40,2046,1
111,76002,2016-05-09 13:52:47,2046,1
57,76000,2016-05-09 13:59:50,2046,1
57,84000,2016-05-09 14:38:17,2046,1
57,5002,2016-05-09 15:08:19,2046,1
267,73201,2016-05-09 15:25:01,2046,1
42,71161,2016-05-09 15:28:06,2046,1
35,120000,2016-05-09 15:35:26,2046,1
267,73200,2016-05-09 15:46:51,2046,1
42,71160,2016-05-09 16:03:23,2046,1
35,120001,2016-05-09 16:08:08,2046,1
37,66021,2016-05-09 16:24:39,2046,1
37,66021,2016-05-09 16:34:10,1229,1
37,66021,2016-05-09 16:35:06,226,1
113,17011,2016-05-09 16:36:13,2046,1
37,66021,2016-05-09 16:40:12,213,1
37,66021,2016-05-09 16:44:41,869,1
267,73000,2016-05-09 16:45:35,2046,1
35,120002,2016-05-09 16:45:43,2046,1
42,75101,2016-05-09 16:47:40,2046,1
37,66021,2016-05-09 16:58:21,807,1
37,66021,2016-05-09 16:59:57,808,1
37,66021,2016-05-09 17:01:25,809,1
37,66021,2016-05-09 17:02:44,810,1
37,66021,2016-05-09 17:03:55,811,1
37,66021,2016-05-09 17:05:18,838,1
37,66021,2016-05-09 17:07:00,839,1
37,66021,2016-05-09 17:09:38,840,1
37,66021,2016-05-09 17:10:52,841,1
36,66021,2016-05-09 08:37:27,2047,2
32,66020,2016-05-09 08:37:31,213,1
32,66020,2016-05-09 08:37:31,213,1
36,66002,2016-05-09 08:38:09,2046,1
36,66020,2016-05-09 08:39:59,2046,1
109,66021,2016-05-09 08:40:13,213,1
32,66020,2016-05-09 08:40:18,225,1
38,74110,2016-05-09 08:41:07,2046,1
109,66021,2016-05-09 08:43:19,869,1
32,66020,2016-05-09 08:43:24,228,1
32,66020,2016-05-09 08:45:49,229,1
111,66021,2016-05-09 08:45:56,807,1
32,66020,2016-05-09 08:48:01,2047,2
114,88200,2016-05-09 08:48:01,2046,1
38,74110,2016-05-09 08:48:03,2046,1
111,66021,2016-05-09 08:48:06,808,1
36,66020,2016-05-09 08:48:37,840,1
36,66020,2016-05-09 08:49:56,839,1
111,66021,2016-05-09 08:50:02,809,1
36,66020,2016-05-09 08:50:50,838,1
111,66021,2016-05-09 08:51:22,810,1
111,66021,2016-05-09 08:52:47,811,1
111,66021,2016-05-09 08:54:14,838,1
36,66020,2016-05-09 08:54:46,811,1
111,66021,2016-05-09 08:55:21,839,1
32,66021,2016-05-09 08:55:34,2046,1
36,66020,2016-05-09 08:55:47,810,1
109,66021,2016-05-09 08:56:29,807,1
36,66020,2016-05-09 08:56:50,809,1
109,66021,2016-05-09 08:57:46,808,1
111,66021,2016-05-09 08:57:56,840,1
32,66021,2016-05-09 08:58:05,1229,1
109,66021,2016-05-09 08:59:14,809,1
111,66021,2016-05-09 08:59:31,841,1
36,66020,2016-05-09 08:59:34,808,1
111,66021,2016-05-09 09:00:03,2047,2
32,66021,2016-05-09 09:00:07,226,1
36,66020,2016-05-09 09:00:42,807,1
109,66021,2016-05-09 09:00:44,810,1
111,66020,2016-05-09 09:01:17,2046,1
36,66020,2016-05-09 09:02:27,212,1
109,66021,2016-05-09 09:03:06,811,1
109,66021,2016-05-09 09:03:45,838,1
33,65001,2016-05-09 09:04:13,2046,1
109,66021,2016-05-09 09:04:33,839,1
32,66021,2016-05-09 09:04:35,213,1
111,66020,2016-05-09 09:05:12,840,1
111,66020,2016-05-09 09:06:02,839,1
109,66021,2016-05-09 09:06:25,840,1
111,66020,2016-05-09 09:06:43,838,1
109,66021,2016-05-09 09:08:07,841,1
32,66021,2016-05-09 09:08:24,869,1
111,66020,2016-05-09 09:09:05,811,1
109,66021,2016-05-09 09:09:13,2047,2
109,66002,2016-05-09 09:09:46,2046,1
111,66020,2016-05-09 09:10:42,810,1
111,66020,2016-05-09 09:11:12,809,1
109,66020,2016-05-09 09:11:22,2046,1
111,66020,2016-05-09 09:15:06,808,1
111,66020,2016-05-09 09:16:17,807,1
111,66020,2016-05-09 09:17:22,212,1
38,74111,2016-05-09 09:19:50,2046,1
36,66020,2016-05-09 09:19:55,213,1
109,66020,2016-05-09 09:21:11,840,1
36,66020,2016-05-09 09:21:23,225,1
32,66021,2016-05-09 09:21:25,807,1
109,66020,2016-05-09 09:22:05,839,1
109,66020,2016-05-09 09:22:53,838,1
32,66021,2016-05-09 09:23:24,808,1
36,66020,2016-05-09 09:23:43,228,1
32,66021,2016-05-09 09:25:09,809,1
36,66020,2016-05-09 09:25:25,229,1
59,17001,2016-05-09 09:26:13,2046,1
32,66021,2016-05-09 09:26:45,810,1
109,66020,2016-05-09 09:26:51,811,1
36,66020,2016-05-09 09:27:43,2047,2
114,125030,2016-05-09 09:27:43,2046,1
109,66020,2016-05-09 09:27:48,810,1
36,66021,2016-05-09 09:28:15,2046,1
32,66021,2016-05-09 09:28:45,811,1
109,66020,2016-05-09 09:28:51,809,1
35,75002,2016-05-09 09:03:47,2046,1
115,66020,2016-05-09 09:05:38,229,1
115,66020,2016-05-09 09:07:43,2047,2
57,75171,2016-05-09 09:08:35,2046,1
115,66021,2016-05-09 09:08:47,2046,1
115,66021,2016-05-09 09:11:08,1229,1
115,66021,2016-05-09 09:12:37,226,1
115,66021,2016-05-09 09:17:06,213,1
115,66021,2016-05-09 09:19:57,869,1
110,17202,2016-05-09 09:24:45,2046,1
115,66021,2016-05-09 09:33:08,807,1
264,65002,2016-05-09 09:33:11,2046,1
115,66021,2016-05-09 09:34:44,808,1
115,66021,2016-05-09 09:36:15,809,1
115,66021,2016-05-09 09:37:15,810,1
115,66021,2016-05-09 09:38:44,811,1
115,66021,2016-05-09 09:39:21,838,1
115,66021,2016-05-09 09:40:13,839,1
115,66021,2016-05-09 09:42:53,840,1
115,66021,2016-05-09 09:44:20,841,1
41,75101,2016-05-09 09:44:39,2046,1
115,66021,2016-05-09 09:44:56,2047,2
115,77002,2016-05-09 09:45:43,2046,1
57,88200,2016-05-09 10:08:51,2046,1
60,125030,2016-05-09 10:29:44,2046,1
41,66002,2016-05-09 10:36:26,2046,1
57,5002,2016-05-09 10:46:06,2046,1
60,73201,2016-05-09 10:58:02,2046,1
117,66020,2016-05-09 11:27:36,2046,1
117,66020,2016-05-09 11:27:46,2046,1
117,66020,2016-05-09 11:27:55,2046,1
117,66020,2016-05-09 11:28:05,2046,1
117,66020,2016-05-09 11:28:14,2046,1
117,66020,2016-05-09 11:28:24,2046,1
117,66020,2016-05-09 11:28:33,2046,1
117,66020,2016-05-09 11:28:43,2046,1
117,66020,2016-05-09 11:28:52,2046,1
60,78000,2016-05-09 11:32:16,2046,1
117,66020,2016-05-09 11:38:10,840,1
117,66020,2016-05-09 11:38:19,840,1
117,66020,2016-05-09 11:38:29,840,1
117,66020,2016-05-09 11:38:38,840,1
117,66020,2016-05-09 11:38:48,840,1
117,66020,2016-05-09 11:38:57,840,1
117,66020,2016-05-09 11:39:07,840,1
117,66020,2016-05-09 11:39:16,840,1
117,66020,2016-05-09 11:39:26,840,1
117,66020,2016-05-09 11:39:57,839,1
117,66020,2016-05-09 11:40:06,839,1
117,66020,2016-05-09 11:40:16,839,1
117,66020,2016-05-09 11:40:26,839,1
117,66020,2016-05-09 11:40:35,839,1
117,66020,2016-05-09 11:40:44,839,1
117,66020,2016-05-09 11:40:54,838,1
117,66020,2016-05-09 11:41:04,838,1
117,66020,2016-05-09 11:41:13,838,1
117,66020,2016-05-09 11:41:23,838,1
117,66020,2016-05-09 11:41:32,838,1
117,66020,2016-05-09 11:41:42,838,1
117,66020,2016-05-09 11:41:51,838,1
117,66020,2016-05-09 11:42:01,838,1
117,66020,2016-05-09 11:42:10,838,1
117,66020,2016-05-09 11:42:20,838,1
117,66020,2016-05-09 11:42:29,838,1
117,66020,2016-05-09 11:42:39,838,1
117,66020,2016-05-09 11:44:37,811,1
117,66020,2016-05-09 11:44:46,811,1
117,66020,2016-05-09 11:44:56,811,1
117,66020,2016-05-09 11:45:05,811,1
117,66020,2016-05-09 11:45:15,811,1
117,66020,2016-05-09 11:45:24,811,1
117,66020,2016-05-09 11:45:34,811,1
117,66020,2016-05-09 11:45:43,811,1
117,66020,2016-05-09 11:45:53,811,1
117,66020,2016-05-09 11:46:02,810,1
117,66020,2016-05-09 11:46:12,810,1
117,66020,2016-05-09 11:46:21,810,1
117,66020,2016-05-09 11:46:31,810,1
117,66020,2016-05-09 11:46:40,810,1
117,66020,2016-05-09 11:46:50,810,1
117,66020,2016-05-09 11:47:00,809,1
32,66021,2016-05-09 09:29:22,838,1
118,15000,2016-05-09 09:29:50,2046,1
118,15000,2016-05-09 09:29:54,2046,1
32,66021,2016-05-09 09:30:04,839,1
111,66020,2016-05-09 09:31:07,213,1
109,66020,2016-05-09 09:31:30,808,1
109,66020,2016-05-09 09:32:38,807,1
32,66021,2016-05-09 09:32:47,840,1
111,66020,2016-05-09 09:33:02,225,1
109,66020,2016-05-09 09:34:09,212,1
32,66021,2016-05-09 09:34:20,841,1
111,66020,2016-05-09 09:34:25,228,1
118,2,2016-05-09 09:34:28,2046,1
32,66021,2016-05-09 09:34:59,2047,2
32,66002,2016-05-09 09:35:17,2046,1
111,66020,2016-05-09 09:36:44,229,1
42,66020,2016-05-09 09:38:17,2046,1
36,66021,2016-05-09 09:38:20,1229,1
111,66020,2016-05-09 09:39:42,2047,2
111,66002,2016-05-09 09:40:18,2046,1
36,66021,2016-05-09 09:40:33,226,1
111,73002,2016-05-09 09:43:01,2046,1
36,66021,2016-05-09 09:44:50,213,1
42,66020,2016-05-09 09:45:05,840,1
42,66020,2016-05-09 09:46:30,839,1
42,66020,2016-05-09 09:47:23,838,1
109,66020,2016-05-09 09:48:04,213,1
36,66021,2016-05-09 09:48:46,869,1
109,66020,2016-05-09 09:50:06,225,1
42,66020,2016-05-09 09:50:51,811,1
42,66020,2016-05-09 09:52:08,810,1
42,66020,2016-05-09 09:52:53,809,1
109,66020,2016-05-09 09:54:04,228,1
42,66020,2016-05-09 09:55:37,808,1
109,66020,2016-05-09 09:56:23,229,1
114,125030,2016-05-09 09:56:25,2046,1
42,66020,2016-05-09 09:57:09,807,1
109,66020,2016-05-09 09:58:41,2047,2
42,66020,2016-05-09 09:58:56,212,1
109,66021,2016-05-09 09:59:22,2046,1
38,2,2016-05-09 10:00:12,2046,1
40,65002,2016-05-09 10:00:29,2046,1
36,66021,2016-05-09 10:01:07,807,1
36,66021,2016-05-09 10:02:48,808,1
109,66021,2016-05-09 10:03:06,1229,1
109,66021,2016-05-09 10:04:11,226,1
36,66021,2016-05-09 10:04:45,809,1
36,66021,2016-05-09 10:06:10,810,1
36,66021,2016-05-09 10:08:49,811,1
109,66021,2016-05-09 10:09:23,213,1
36,66021,2016-05-09 10:09:26,838,1
36,66021,2016-05-09 10:10:25,839,1
42,66020,2016-05-09 10:10:41,213,1
109,66021,2016-05-09 10:11:22,869,1
42,66020,2016-05-09 10:12:36,225,1
36,66021,2016-05-09 10:12:55,840,1
36,66021,2016-05-09 10:14:35,841,1
36,66021,2016-05-09 10:15:00,2047,2
36,75002,2016-05-09 10:15:23,2046,1
36,76002,2016-05-09 10:16:00,2046,1
35,66020,2016-05-09 10:17:27,2046,1
42,66020,2016-05-09 10:17:29,228,1
42,66020,2016-05-09 10:19:27,229,1
42,66020,2016-05-09 10:21:17,2047,2
42,66021,2016-05-09 10:21:56,2046,1
109,66021,2016-05-09 10:24:04,807,1
35,66020,2016-05-09 10:24:18,840,1
109,66021,2016-05-09 10:25:22,808,1
35,66020,2016-05-09 10:26:31,839,1
109,66021,2016-05-09 10:26:33,809,1
59,17010,2016-05-09 10:26:51,2046,1
114,66002,2016-05-09 10:26:52,2046,1
109,66021,2016-05-09 10:27:15,810,1
35,66020,2016-05-09 10:27:22,838,1
109,66021,2016-05-09 10:28:56,811,1
109,66021,2016-05-09 10:29:55,838,1
42,66021,2016-05-09 10:30:07,1229,1
109,66021,2016-05-09 10:31:09,839,1
35,66020,2016-05-09 10:31:19,811,1
42,66021,2016-05-09 10:32:07,226,1
35,66020,2016-05-09 10:33:04,810,1
35,66020,2016-05-09 10:33:29,809,1
109,66021,2016-05-09 10:34:03,840,1
109,66021,2016-05-09 10:35:58,841,1
42,66021,2016-05-09 10:36:06,213,1
109,66021,2016-05-09 10:36:33,2047,2
35,66020,2016-05-09 10:37:11,808,1
109,66002,2016-05-09 10:37:34,2046,1
35,66020,2016-05-09 10:38:33,807,1
42,66021,2016-05-09 10:39:00,869,1
35,66020,2016-05-09 10:41:11,212,1
42,66021,2016-05-09 10:52:31,807,1
35,66020,2016-05-09 10:53:40,213,1
42,66021,2016-05-09 10:54:59,808,1
35,66020,2016-05-09 10:55:44,225,1
42,66021,2016-05-09 10:56:15,809,1
42,66021,2016-05-09 10:57:23,810,1
42,66021,2016-05-09 10:58:55,811,1
42,66021,2016-05-09 10:59:40,838,1
42,66021,2016-05-09 11:00:52,839,1
35,66020,2016-05-09 11:01:54,228,1
267,15000,2016-05-09 11:02:47,2046,1
42,66021,2016-05-09 11:03:20,840,1
42,66021,2016-05-09 11:04:39,841,1
35,66020,2016-05-09 11:04:54,229,1
42,66021,2016-05-09 11:05:13,2047,2
35,66020,2016-05-09 11:06:52,2047,2
35,66021,2016-05-09 11:07:15,2046,1
42,66020,2016-05-09 11:07:17,2046,1
35,66021,2016-05-09 11:07:57,1229,1
35,66021,2016-05-09 11:08:00,229,1
35,66021,2016-05-09 11:08:03,1229,1
59,75002,2016-05-09 11:09:23,2046,1
35,66021,2016-05-09 11:09:39,226,1
35,66021,2016-05-09 11:13:05,213,1
42,66020,2016-05-09 11:15:05,840,1
42,66020,2016-05-09 11:17:04,839,1
35,66021,2016-05-09 11:18:20,869,1
42,66020,2016-05-09 11:18:24,838,1
42,66020,2016-05-09 11:21:04,811,1
42,66020,2016-05-09 11:22:12,810,1
42,66020,2016-05-09 11:22:45,809,1
42,66020,2016-05-09 11:25:05,808,1
42,66020,2016-05-09 11:26:24,807,1
42,66020,2016-05-09 11:28:19,212,1
35,66021,2016-05-09 11:32:48,807,1
35,66021,2016-05-09 11:34:01,808,1
35,66021,2016-05-09 11:35:24,809,1
35,66021,2016-05-09 11:36:58,810,1
267,15001,2016-05-09 11:37:58,2046,1
35,66021,2016-05-09 11:39:08,811,1
35,66021,2016-05-09 11:40:20,838,1
42,66020,2016-05-09 11:41:04,213,1
35,66021,2016-05-09 11:41:10,839,1
42,66020,2016-05-09 11:43:12,225,1
35,66021,2016-05-09 11:43:38,840,1
35,66021,2016-05-09 11:46:17,841,1
35,66021,2016-05-09 11:46:52,2047,2
35,66002,2016-05-09 11:47:17,2046,1
42,66020,2016-05-09 11:48:57,228,1
35,66020,2016-05-09 11:49:21,2046,1
42,66020,2016-05-09 11:51:57,229,1
42,66020,2016-05-09 11:53:02,2047,2
42,66021,2016-05-09 11:53:29,2046,1
32,120000,2016-05-09 11:57:39,2046,1
35,66020,2016-05-09 11:59:23,840,1
42,66021,2016-05-09 12:00:07,1229,1
35,66020,2016-05-09 12:01:15,839,1
42,66021,2016-05-09 12:02:06,226,1
35,66020,2016-05-09 12:02:08,838,1
35,66020,2016-05-09 12:05:00,811,1
42,66021,2016-05-09 12:06:29,213,1
35,66020,2016-05-09 12:06:42,810,1
35,66020,2016-05-09 12:07:17,809,1
35,66020,2016-05-09 12:09:33,808,1
42,66021,2016-05-09 12:09:54,869,1
35,66020,2016-05-09 12:11:18,807,1
267,15002,2016-05-09 12:11:47,2046,1
35,66020,2016-05-09 12:13:33,212,1
42,66021,2016-05-09 12:23:53,807,1
35,66020,2016-05-09 12:24:14,213,1
42,66021,2016-05-09 12:25:25,808,1
40,66020,2016-05-09 11:26:48,2047,2
113,65001,2016-05-09 11:26:55,2046,1
40,66021,2016-05-09 11:27:17,2046,1
40,66021,2016-05-09 11:30:17,1229,1
40,66021,2016-05-09 11:32:15,226,1
40,66021,2016-05-09 11:36:06,213,1
40,66021,2016-05-09 11:38:52,869,1
40,66021,2016-05-09 11:52:19,807,1
40,66021,2016-05-09 11:54:16,808,1
40,66021,2016-05-09 11:55:13,809,1
40,66021,2016-05-09 11:56:41,810,1
118,65002,2016-05-09 11:57:04,2046,1
118,65002,2016-05-09 11:57:08,2046,1
40,66021,2016-05-09 11:58:39,811,1
40,66021,2016-05-09 12:00:10,838,1
40,66021,2016-05-09 12:01:32,839,1
40,66021,2016-05-09 12:03:57,840,1
40,66021,2016-05-09 12:05:28,841,1
40,66021,2016-05-09 12:05:59,2047,2
40,66020,2016-05-09 12:08:34,2046,1
113,65002,2016-05-09 12:08:50,2046,1
113,65002,2016-05-09 12:10:57,2046,1
40,66020,2016-05-09 12:25:06,840,1
40,66020,2016-05-09 12:26:33,839,1
40,66020,2016-05-09 12:27:18,838,1
40,66020,2016-05-09 12:30:34,811,1
40,66020,2016-05-09 12:32:26,810,1
40,66020,2016-05-09 12:33:13,809,1
40,66020,2016-05-09 12:36:10,808,1
40,66020,2016-05-09 12:37:15,807,1
40,66020,2016-05-09 12:39:04,212,1
116,73201,2016-05-09 12:48:06,2046,1
40,66020,2016-05-09 12:53:31,213,1
40,66020,2016-05-09 12:54:04,225,1
40,66020,2016-05-09 12:57:10,228,1
40,66020,2016-05-09 13:00:38,229,1
40,66020,2016-05-09 13:03:43,2047,2
40,66002,2016-05-09 13:03:52,2046,1
116,76000,2016-05-09 13:17:19,2046,1
116,76000,2016-05-09 13:39:21,2046,1
116,120000,2016-05-09 14:03:07,2046,1
118,65000,2016-05-09 14:09:59,2046,1
116,120001,2016-05-09 14:38:09,2046,1
118,65001,2016-05-09 14:52:15,2046,1
116,70100,2016-05-09 15:17:28,2046,1
118,17202,2016-05-09 15:30:41,2046,1
116,73002,2016-05-09 15:45:45,2046,1
117,65000,2016-05-09 16:08:28,2046,1
117,65000,2016-05-09 16:08:38,2046,1
117,65000,2016-05-09 16:08:47,2046,1
117,65000,2016-05-09 16:08:57,2046,1
117,65000,2016-05-09 16:09:07,2046,1
117,65000,2016-05-09 16:09:16,2046,1
117,65000,2016-05-09 16:09:26,2046,1
117,65000,2016-05-09 16:09:35,2046,1
117,65000,2016-05-09 16:09:45,2046,1
112,65000,2016-05-09 16:11:13,2046,1
57,5000,2016-05-09 16:37:57,2046,1
57,5002,2016-05-09 16:38:09,2046,1
117,65001,2016-05-09 16:44:38,2046,1
117,65001,2016-05-09 16:44:48,2046,1
117,65001,2016-05-09 16:44:57,2046,1
117,65001,2016-05-09 16:45:07,2046,1
117,65001,2016-05-09 16:45:16,2046,1
117,65001,2016-05-09 16:45:26,2046,1
117,65001,2016-05-09 16:45:35,2046,1
117,65001,2016-05-09 16:45:45,2046,1
117,65001,2016-05-09 16:45:54,2046,1
112,65001,2016-05-09 16:51:32,2046,1
60,2,2016-05-09 16:57:20,2046,1
117,65002,2016-05-09 17:21:17,2046,1
117,65002,2016-05-09 17:21:26,2046,1
117,65002,2016-05-09 17:21:36,2046,1
117,65002,2016-05-09 17:21:45,2046,1
117,65002,2016-05-09 17:21:55,2046,1
117,65002,2016-05-09 17:22:04,2046,1
118,17001,2016-05-09 17:22:07,2046,1
118,17001,2016-05-09 17:22:11,2046,1
117,65002,2016-05-09 17:22:14,2046,1
117,65002,2016-05-09 17:22:23,2046,1
117,65002,2016-05-09 17:22:33,2046,1
117,66020,2016-05-09 11:47:09,809,1
117,66020,2016-05-09 11:47:19,809,1
117,66020,2016-05-09 11:47:28,809,1
117,66020,2016-05-09 11:47:38,809,1
117,66020,2016-05-09 11:47:47,809,1
117,66020,2016-05-09 11:47:57,809,1
117,66020,2016-05-09 11:48:06,809,1
117,66020,2016-05-09 11:48:16,809,1
117,66020,2016-05-09 11:48:26,809,1
117,66020,2016-05-09 11:48:35,809,1
117,66020,2016-05-09 11:48:44,809,1
117,66020,2016-05-09 11:49:04,808,1
117,66020,2016-05-09 11:49:14,808,1
117,66020,2016-05-09 11:49:23,808,1
117,66020,2016-05-09 11:49:33,808,1
117,66020,2016-05-09 11:49:42,808,1
117,66020,2016-05-09 11:49:51,808,1
117,66020,2016-05-09 11:50:01,808,1
117,66020,2016-05-09 11:50:11,808,1
117,66020,2016-05-09 11:50:20,808,1
117,66020,2016-05-09 11:50:30,807,1
117,66020,2016-05-09 11:50:39,807,1
117,66020,2016-05-09 11:50:49,807,1
117,66020,2016-05-09 11:50:58,807,1
117,66020,2016-05-09 11:51:08,807,1
117,66020,2016-05-09 11:51:17,807,1
117,66020,2016-05-09 11:51:27,807,1
117,66020,2016-05-09 11:51:36,807,1
117,66020,2016-05-09 11:51:46,807,1
117,66020,2016-05-09 11:51:56,212,1
117,66020,2016-05-09 11:52:06,212,1
117,66020,2016-05-09 11:52:15,212,1
117,66020,2016-05-09 11:52:25,212,1
117,66020,2016-05-09 11:52:34,212,1
117,66020,2016-05-09 11:52:44,212,1
117,66020,2016-05-09 11:52:53,212,1
117,66020,2016-05-09 11:53:03,212,1
117,66020,2016-05-09 11:53:12,212,1
60,78000,2016-05-09 11:56:15,2046,1
117,66020,2016-05-09 12:04:03,213,1
117,66020,2016-05-09 12:04:12,213,1
117,66020,2016-05-09 12:04:22,213,1
117,66020,2016-05-09 12:04:31,213,1
117,66020,2016-05-09 12:04:41,213,1
117,66020,2016-05-09 12:04:50,213,1
117,66020,2016-05-09 12:05:00,213,1
117,66020,2016-05-09 12:05:09,213,1
117,66020,2016-05-09 12:05:19,213,1
117,66020,2016-05-09 12:05:42,225,1
117,66020,2016-05-09 12:05:51,225,1
117,66020,2016-05-09 12:06:01,225,1
117,66020,2016-05-09 12:06:11,225,1
117,66020,2016-05-09 12:06:20,225,1
117,66020,2016-05-09 12:06:29,225,1
117,66020,2016-05-09 12:06:39,225,1
117,66020,2016-05-09 12:06:49,225,1
117,66020,2016-05-09 12:06:58,225,1
117,66020,2016-05-09 12:08:03,228,1
117,66020,2016-05-09 12:08:12,228,1
117,66020,2016-05-09 12:08:22,228,1
117,66020,2016-05-09 12:08:32,228,1
117,66020,2016-05-09 12:08:41,228,1
117,66020,2016-05-09 12:08:50,228,1
117,66020,2016-05-09 12:09:00,228,1
117,66020,2016-05-09 12:09:10,228,1
117,66020,2016-05-09 12:09:19,228,1
117,66020,2016-05-09 12:09:39,229,1
117,66020,2016-05-09 12:09:48,229,1
117,66020,2016-05-09 12:09:58,229,1
117,66020,2016-05-09 12:10:07,229,1
117,66020,2016-05-09 12:10:17,229,1
117,66020,2016-05-09 12:10:26,229,1
117,66020,2016-05-09 12:10:36,229,1
117,66020,2016-05-09 12:10:45,229,1
117,66020,2016-05-09 12:10:55,229,1
117,66020,2016-05-09 12:11:59,2047,2
117,66020,2016-05-09 12:12:08,2047,2
117,66020,2016-05-09 12:12:18,2047,2
117,66020,2016-05-09 12:12:28,2047,2
117,66020,2016-05-09 12:12:37,2047,2
117,66020,2016-05-09 12:12:46,2047,2
117,66020,2016-05-09 12:12:56,2047,2
117,66020,2016-05-09 12:13:06,2047,2
117,66020,2016-05-09 12:13:15,2047,2
117,66002,2016-05-09 12:13:25,2046,1
117,66002,2016-05-09 12:13:34,2046,1
117,66002,2016-05-09 12:13:44,2046,1
117,66002,2016-05-09 12:13:53,2046,1
117,66002,2016-05-09 12:14:03,2046,1
117,66002,2016-05-09 12:14:12,2046,1
117,66002,2016-05-09 12:14:22,2046,1
117,66002,2016-05-09 12:14:31,2046,1
117,66002,2016-05-09 12:14:41,2046,1
117,66021,2016-05-09 12:15:21,2046,1
60,76000,2016-05-09 12:15:28,2046,1
117,66021,2016-05-09 12:15:30,2046,1
117,66021,2016-05-09 12:15:40,2046,1
117,66021,2016-05-09 12:15:50,2046,1
117,66021,2016-05-09 12:15:59,2046,1
117,66021,2016-05-09 12:16:09,2046,1
117,66021,2016-05-09 12:16:18,2046,1
117,66021,2016-05-09 12:16:28,2046,1
117,66021,2016-05-09 12:16:37,2046,1
110,17011,2016-05-09 12:25:01,2046,1
117,66021,2016-05-09 12:26:03,1229,1
117,66021,2016-05-09 12:26:13,1229,1
117,66021,2016-05-09 12:26:22,1229,1
117,66021,2016-05-09 12:26:32,1229,1
117,66021,2016-05-09 12:26:32,1229,1
117,66021,2016-05-09 12:26:41,1229,1
117,66021,2016-05-09 12:26:51,1229,1
117,66021,2016-05-09 12:27:00,1229,1
117,66021,2016-05-09 12:27:10,1229,1
117,66021,2016-05-09 12:27:19,1229,1
117,66021,2016-05-09 12:28:18,226,1
117,66021,2016-05-09 12:28:27,226,1
117,66021,2016-05-09 12:28:37,226,1
117,66021,2016-05-09 12:28:47,226,1
117,66021,2016-05-09 12:28:56,226,1
117,66021,2016-05-09 12:29:06,226,1
117,66021,2016-05-09 12:29:15,226,1
117,66021,2016-05-09 12:29:25,226,1
117,66021,2016-05-09 12:29:34,226,1
117,66021,2016-05-09 12:32:02,213,1
117,66021,2016-05-09 12:32:12,213,1
117,66021,2016-05-09 12:32:21,213,1
117,66021,2016-05-09 12:32:31,213,1
117,66021,2016-05-09 12:32:40,213,1
117,66021,2016-05-09 12:32:50,213,1
117,66021,2016-05-09 12:32:59,213,1
117,66021,2016-05-09 12:33:09,213,1
117,66021,2016-05-09 12:33:18,213,1
117,66021,2016-05-09 12:35:46,869,1
117,66021,2016-05-09 12:35:56,869,1
117,66021,2016-05-09 12:36:05,869,1
117,66021,2016-05-09 12:36:15,869,1
117,66021,2016-05-09 12:36:24,869,1
117,66021,2016-05-09 12:36:34,869,1
117,66021,2016-05-09 12:36:43,869,1
117,66021,2016-05-09 12:36:53,869,1
117,66021,2016-05-09 12:37:02,869,1
60,77000,2016-05-09 12:41:20,2046,1
117,66021,2016-05-09 12:49:05,807,1
117,66021,2016-05-09 12:49:15,807,1
117,66021,2016-05-09 12:49:24,807,1
117,66021,2016-05-09 12:49:34,807,1
117,66021,2016-05-09 12:49:43,807,1
117,66021,2016-05-09 12:49:53,807,1
117,66021,2016-05-09 12:50:02,807,1
117,66021,2016-05-09 12:50:12,807,1
117,66021,2016-05-09 12:50:21,807,1
117,66021,2016-05-09 12:50:43,808,1
117,66021,2016-05-09 12:50:52,808,1
117,66021,2016-05-09 12:51:02,808,1
117,66021,2016-05-09 12:51:11,808,1
117,66021,2016-05-09 12:51:21,808,1
117,66021,2016-05-09 12:51:30,808,1
117,66021,2016-05-09 12:51:40,808,1
117,66021,2016-05-09 12:51:49,808,1
117,66021,2016-05-09 12:51:59,808,1
117,66021,2016-05-09 12:52:17,809,1
117,66021,2016-05-09 12:52:27,809,1
35,66020,2016-05-09 12:25:36,225,1
42,66021,2016-05-09 12:27:23,809,1
42,66021,2016-05-09 12:28:40,810,1
35,66020,2016-05-09 12:28:56,228,1
115,76000,2016-05-09 12:28:58,2046,1
42,66021,2016-05-09 12:30:47,811,1
35,66020,2016-05-09 12:32:09,229,1
42,66021,2016-05-09 12:32:29,838,1
42,66021,2016-05-09 12:33:44,839,1
35,66020,2016-05-09 12:34:41,2047,2
112,73000,2016-05-09 12:35:21,2046,1
35,66002,2016-05-09 12:35:36,2046,1
42,66021,2016-05-09 12:36:24,840,1
32,120001,2016-05-09 12:36:41,2046,1
42,66021,2016-05-09 12:37:58,841,1
42,66021,2016-05-09 12:38:31,2047,2
42,71002,2016-05-09 12:39:25,2046,1
114,66020,2016-05-09 12:39:57,2046,1
35,66021,2016-05-09 12:50:24,2046,1
114,66020,2016-05-09 12:52:11,840,1
35,66021,2016-05-09 12:53:32,1229,1
114,66020,2016-05-09 12:53:43,839,1
114,66020,2016-05-09 12:54:28,838,1
35,66021,2016-05-09 12:55:29,226,1
115,73200,2016-05-09 12:55:33,2046,1
114,66020,2016-05-09 12:57:32,811,1
114,66020,2016-05-09 12:58:32,810,1
114,66020,2016-05-09 12:59:12,809,1
35,66021,2016-05-09 13:00:03,213,1
114,66020,2016-05-09 13:02:10,808,1
32,73000,2016-05-09 13:02:31,2046,1
114,66020,2016-05-09 13:03:15,807,1
35,66021,2016-05-09 13:04:20,869,1
114,66020,2016-05-09 13:04:51,212,1
112,75100,2016-05-09 13:06:37,2046,1
109,65002,2016-05-09 13:10:37,2046,1
109,65000,2016-05-09 13:10:48,2046,1
38,5000,2016-05-09 13:11:56,2046,1
35,66021,2016-05-09 13:17:19,807,1
114,66020,2016-05-09 13:17:30,213,1
35,66021,2016-05-09 13:18:04,808,1
114,66020,2016-05-09 13:19:18,225,1
35,66021,2016-05-09 13:19:32,809,1
114,66020,2016-05-09 13:21:14,228,1
35,66021,2016-05-09 13:21:30,810,1
35,66021,2016-05-09 13:23:09,811,1
35,66021,2016-05-09 13:23:45,838,1
114,66020,2016-05-09 13:24:03,229,1
35,66021,2016-05-09 13:25:00,839,1
114,66020,2016-05-09 13:26:27,2047,2
114,66021,2016-05-09 13:27:06,2046,1
35,66021,2016-05-09 13:27:09,840,1
35,66021,2016-05-09 13:28:11,841,1
35,66021,2016-05-09 13:29:04,2047,2
35,66002,2016-05-09 13:29:41,2046,1
32,73002,2016-05-09 13:34:47,2046,1
114,66021,2016-05-09 13:36:09,1229,1
114,66021,2016-05-09 13:37:45,226,1
114,66021,2016-05-09 13:42:17,213,1
114,66021,2016-05-09 13:46:06,869,1
33,66020,2016-05-09 13:47:07,840,1
33,66020,2016-05-09 13:48:24,839,1
33,66020,2016-05-09 13:49:16,838,1
112,75101,2016-05-09 13:50:30,2046,1
109,65001,2016-05-09 13:51:54,2046,1
33,66020,2016-05-09 13:53:42,811,1
33,66020,2016-05-09 13:55:21,810,1
33,66020,2016-05-09 13:56:06,809,1
33,66020,2016-05-09 13:58:19,808,1
33,66020,2016-05-09 13:59:13,807,1
114,66021,2016-05-09 13:59:46,807,1
114,66021,2016-05-09 14:00:53,808,1
33,66020,2016-05-09 14:00:56,212,1
115,78020,2016-05-09 14:01:41,2046,1
114,66021,2016-05-09 14:02:18,809,1
114,66021,2016-05-09 14:04:06,810,1
114,66021,2016-05-09 14:06:43,811,1
114,66021,2016-05-09 14:07:31,838,1
38,5000,2016-05-09 14:08:13,2046,1
114,66021,2016-05-09 14:08:53,839,1
115,77002,2016-05-09 14:11:18,2046,1
117,66021,2016-05-09 12:52:36,809,1
117,66021,2016-05-09 12:52:46,809,1
117,66021,2016-05-09 12:52:55,809,1
117,66021,2016-05-09 12:53:05,809,1
117,66021,2016-05-09 12:53:14,810,1
117,66021,2016-05-09 12:53:24,810,1
117,66021,2016-05-09 12:53:33,810,1
117,66021,2016-05-09 12:53:43,810,1
117,66021,2016-05-09 12:53:52,810,1
117,66021,2016-05-09 12:54:02,810,1
117,66021,2016-05-09 12:54:12,810,1
117,66021,2016-05-09 12:54:21,810,1
117,66021,2016-05-09 12:54:30,810,1
117,66021,2016-05-09 12:54:40,811,1
117,66021,2016-05-09 12:54:50,811,1
117,66021,2016-05-09 12:54:59,811,1
117,66021,2016-05-09 12:55:09,811,1
117,66021,2016-05-09 12:55:18,811,1
117,66021,2016-05-09 12:55:28,811,1
117,66021,2016-05-09 12:55:38,838,1
117,66021,2016-05-09 12:55:47,838,1
117,66021,2016-05-09 12:55:57,838,1
117,66021,2016-05-09 12:56:06,838,1
117,66021,2016-05-09 12:56:16,838,1
117,66021,2016-05-09 12:56:25,838,1
117,66021,2016-05-09 12:56:35,839,1
117,66021,2016-05-09 12:56:45,839,1
117,66021,2016-05-09 12:56:54,839,1
117,66021,2016-05-09 12:57:04,839,1
117,66021,2016-05-09 12:57:13,839,1
117,66021,2016-05-09 12:57:23,839,1
117,66021,2016-05-09 12:57:32,839,1
117,66021,2016-05-09 12:57:42,839,1
117,66021,2016-05-09 12:57:51,839,1
117,66021,2016-05-09 12:58:14,840,1
117,66021,2016-05-09 12:58:23,840,1
117,66021,2016-05-09 12:58:33,840,1
117,66021,2016-05-09 12:58:43,840,1
117,66021,2016-05-09 12:58:52,840,1
117,66021,2016-05-09 12:59:01,840,1
117,66021,2016-05-09 12:59:11,840,1
117,66021,2016-05-09 12:59:21,840,1
117,66021,2016-05-09 12:59:30,840,1
117,66021,2016-05-09 12:59:44,841,1
117,66021,2016-05-09 12:59:53,841,1
117,66021,2016-05-09 13:00:03,841,1
117,66021,2016-05-09 13:00:13,2047,2
117,66021,2016-05-09 13:00:22,2047,2
117,66021,2016-05-09 13:00:31,2047,2
117,66021,2016-05-09 13:00:41,2047,2
117,66021,2016-05-09 13:00:51,2047,2
117,66021,2016-05-09 13:01:00,2047,2
117,66021,2016-05-09 13:01:10,2047,2
117,66021,2016-05-09 13:01:19,2047,2
117,66021,2016-05-09 13:01:29,2047,2
117,66021,2016-05-09 13:01:38,2047,2
117,66021,2016-05-09 13:01:48,2047,2
117,66021,2016-05-09 13:01:57,2047,2
117,66021,2016-05-09 13:02:07,2047,2
117,66021,2016-05-09 13:02:17,2047,2
117,66021,2016-05-09 13:02:26,2047,2
117,66020,2016-05-09 13:02:36,2046,1
117,66020,2016-05-09 13:02:45,2046,1
117,66020,2016-05-09 13:02:55,2046,1
117,66020,2016-05-09 13:03:05,2046,1
117,66020,2016-05-09 13:03:14,2046,1
117,66020,2016-05-09 13:03:23,2046,1
117,66020,2016-05-09 13:03:33,2046,1
117,66020,2016-05-09 13:03:42,2046,1
117,66020,2016-05-09 13:03:52,2046,1
36,76000,2016-05-09 13:04:38,2046,1
60,77002,2016-05-09 13:06:20,2046,1
117,66020,2016-05-09 13:15:02,840,1
117,66020,2016-05-09 13:15:12,840,1
117,66020,2016-05-09 13:15:21,840,1
117,66020,2016-05-09 13:15:31,840,1
117,66020,2016-05-09 13:15:40,840,1
117,66020,2016-05-09 13:15:50,840,1
117,66020,2016-05-09 13:15:59,840,1
117,66020,2016-05-09 13:16:09,840,1
117,66020,2016-05-09 13:16:18,840,1
117,66020,2016-05-09 13:16:34,839,1
117,66020,2016-05-09 13:16:43,839,1
117,66020,2016-05-09 13:16:52,839,1
117,66020,2016-05-09 13:17:02,839,1
117,66020,2016-05-09 13:17:12,839,1
117,66020,2016-05-09 13:17:21,839,1
117,66020,2016-05-09 13:17:31,839,1
117,66020,2016-05-09 13:17:40,839,1
117,66020,2016-05-09 13:17:50,839,1
117,66020,2016-05-09 13:18:00,838,1
117,66020,2016-05-09 13:18:09,838,1
117,66020,2016-05-09 13:18:18,838,1
117,66020,2016-05-09 13:18:28,838,1
117,66020,2016-05-09 13:18:38,838,1
117,66020,2016-05-09 13:18:47,838,1
117,66020,2016-05-09 13:18:57,838,1
117,66020,2016-05-09 13:19:06,838,1
117,66020,2016-05-09 13:19:15,838,1
117,66020,2016-05-09 13:21:03,811,1
117,66020,2016-05-09 13:21:12,811,1
117,66020,2016-05-09 13:21:22,811,1
117,66020,2016-05-09 13:21:31,811,1
117,66020,2016-05-09 13:21:41,811,1
117,66020,2016-05-09 13:21:50,811,1
117,66020,2016-05-09 13:22:00,811,1
117,66020,2016-05-09 13:22:09,811,1
117,66020,2016-05-09 13:22:19,811,1
117,66020,2016-05-09 13:22:29,810,1
117,66020,2016-05-09 13:22:38,810,1
117,66020,2016-05-09 13:22:48,810,1
117,66020,2016-05-09 13:22:57,809,1
117,66020,2016-05-09 13:23:07,809,1
117,66020,2016-05-09 13:23:16,809,1
117,66020,2016-05-09 13:23:26,809,1
33,66020,2016-05-09 13:23:28,2046,1
117,66020,2016-05-09 13:23:35,809,1
117,66020,2016-05-09 13:23:45,809,1
117,66020,2016-05-09 13:23:55,809,1
117,66020,2016-05-09 13:24:04,809,1
117,66020,2016-05-09 13:24:13,809,1
117,66020,2016-05-09 13:24:23,809,1
117,66020,2016-05-09 13:24:33,809,1
117,66020,2016-05-09 13:24:42,809,1
117,66020,2016-05-09 13:24:52,809,1
117,66020,2016-05-09 13:25:01,809,1
117,66020,2016-05-09 13:25:11,809,1
36,73000,2016-05-09 13:25:20,2046,1
117,66020,2016-05-09 13:25:21,808,1
117,66020,2016-05-09 13:25:30,808,1
117,66020,2016-05-09 13:25:40,808,1
117,66020,2016-05-09 13:25:49,808,1
117,66020,2016-05-09 13:25:59,808,1
117,66020,2016-05-09 13:26:08,808,1
117,66020,2016-05-09 13:26:18,807,1
117,66020,2016-05-09 13:26:28,807,1
117,66020,2016-05-09 13:26:37,807,1
117,66020,2016-05-09 13:26:47,807,1
117,66020,2016-05-09 13:26:56,807,1
117,66020,2016-05-09 13:27:06,807,1
117,66020,2016-05-09 13:27:15,807,1
117,66020,2016-05-09 13:27:25,807,1
117,66020,2016-05-09 13:27:34,807,1
117,66020,2016-05-09 13:27:44,212,1
117,66020,2016-05-09 13:27:54,212,1
117,66020,2016-05-09 13:28:03,212,1
117,66020,2016-05-09 13:28:13,212,1
117,66020,2016-05-09 13:28:23,212,1
117,66020,2016-05-09 13:28:32,212,1
117,66020,2016-05-09 13:28:42,212,1
117,66020,2016-05-09 13:28:51,212,1
117,66020,2016-05-09 13:29:01,212,1
117,66020,2016-05-09 13:29:10,212,1
117,66020,2016-05-09 13:29:20,212,1
117,66020,2016-05-09 13:29:29,212,1
110,17000,2016-05-09 13:30:10,2046,1
117,66020,2016-05-09 13:40:26,213,1
117,66020,2016-05-09 13:40:36,213,1
117,66020,2016-05-09 13:40:45,213,1
117,66020,2016-05-09 13:40:55,213,1
117,66020,2016-05-09 13:41:04,213,1
117,66020,2016-05-09 13:41:13,213,1
117,66020,2016-05-09 13:41:23,213,1
117,66020,2016-05-09 13:41:33,213,1
117,66020,2016-05-09 13:41:42,213,1
117,66020,2016-05-09 13:42:23,225,1
117,66020,2016-05-09 13:42:33,225,1
117,66020,2016-05-09 13:42:42,225,1
117,66020,2016-05-09 13:42:52,225,1
117,66020,2016-05-09 13:43:01,225,1
117,66020,2016-05-09 13:43:11,225,1
117,66020,2016-05-09 13:43:20,225,1
117,66020,2016-05-09 13:43:30,225,1
117,66020,2016-05-09 13:43:39,225,1
117,66020,2016-05-09 13:45:54,228,1
117,66020,2016-05-09 13:46:03,228,1
117,66020,2016-05-09 13:46:13,228,1
117,66020,2016-05-09 13:46:23,228,1
117,66020,2016-05-09 13:46:32,228,1
117,66020,2016-05-09 13:46:42,228,1
117,66020,2016-05-09 13:46:51,228,1
117,66020,2016-05-09 13:47:01,228,1
117,66020,2016-05-09 13:47:10,228,1
117,66020,2016-05-09 13:48:50,229,1
117,66020,2016-05-09 13:48:59,229,1
117,66020,2016-05-09 13:49:08,229,1
117,66020,2016-05-09 13:49:18,229,1
117,66020,2016-05-09 13:49:28,229,1
117,66020,2016-05-09 13:49:37,229,1
117,66020,2016-05-09 13:49:47,229,1
117,66020,2016-05-09 13:49:56,229,1
117,66020,2016-05-09 13:50:06,229,1
36,75100,2016-05-09 13:50:20,2046,1
117,66020,2016-05-09 13:51:40,2047,2
117,66020,2016-05-09 13:51:49,2047,2
117,66020,2016-05-09 13:51:58,2047,2
117,66020,2016-05-09 13:52:08,2047,2
117,66020,2016-05-09 13:52:18,2047,2
117,66020,2016-05-09 13:52:27,2047,2
117,66020,2016-05-09 13:52:37,2047,2
117,66020,2016-05-09 13:52:46,2047,2
117,66020,2016-05-09 13:52:56,2047,2
117,66021,2016-05-09 13:53:05,2046,1
117,66021,2016-05-09 13:53:15,2046,1
117,66021,2016-05-09 13:53:24,2046,1
117,66021,2016-05-09 13:53:34,2046,1
117,66021,2016-05-09 13:53:43,2046,1
117,66021,2016-05-09 13:53:53,2046,1
117,66021,2016-05-09 13:54:03,2046,1
117,66021,2016-05-09 13:54:12,2046,1
117,66021,2016-05-09 13:54:21,2046,1
117,66021,2016-05-09 14:01:45,1229,1
117,66021,2016-05-09 14:01:54,1229,1
117,66021,2016-05-09 14:02:04,1229,1
117,66021,2016-05-09 14:02:13,226,1
117,66021,2016-05-09 14:02:23,226,1
117,66021,2016-05-09 14:02:32,226,1
117,66021,2016-05-09 14:02:42,226,1
117,66021,2016-05-09 14:02:51,226,1
117,66021,2016-05-09 14:03:01,226,1
117,66021,2016-05-09 14:03:11,226,1
117,66021,2016-05-09 14:03:20,226,1
117,66021,2016-05-09 14:03:29,226,1
117,66021,2016-05-09 14:03:39,226,1
117,66021,2016-05-09 14:03:49,226,1
117,66021,2016-05-09 14:03:58,226,1
117,66021,2016-05-09 14:04:08,226,1
117,66021,2016-05-09 14:04:17,226,1
117,66021,2016-05-09 14:04:27,226,1
117,66021,2016-05-09 14:05:45,213,1
117,66021,2016-05-09 14:05:55,213,1
117,66021,2016-05-09 14:06:04,213,1
117,66021,2016-05-09 14:06:14,213,1
117,66021,2016-05-09 14:06:23,213,1
117,66021,2016-05-09 14:06:33,213,1
117,66021,2016-05-09 14:06:42,213,1
117,66021,2016-05-09 14:06:52,213,1
117,66021,2016-05-09 14:07:01,213,1
117,66021,2016-05-09 14:08:58,869,1
117,66021,2016-05-09 14:09:07,869,1
117,66021,2016-05-09 14:09:16,869,1
117,66021,2016-05-09 14:09:26,869,1
117,66021,2016-05-09 14:09:36,869,1
117,66021,2016-05-09 14:09:45,869,1
117,66021,2016-05-09 14:09:55,869,1
117,66021,2016-05-09 14:10:04,869,1
117,66021,2016-05-09 14:10:13,869,1
117,66021,2016-05-09 14:21:29,807,1
117,66021,2016-05-09 14:21:38,807,1
117,66021,2016-05-09 14:21:47,807,1
117,66021,2016-05-09 14:21:57,807,1
117,66021,2016-05-09 14:22:07,807,1
117,66021,2016-05-09 14:22:16,807,1
117,66021,2016-05-09 14:22:26,807,1
117,66021,2016-05-09 14:22:35,807,1
117,66021,2016-05-09 14:22:45,807,1
117,66021,2016-05-09 14:22:54,808,1
117,66021,2016-05-09 14:23:04,808,1
117,66021,2016-05-09 14:23:13,808,1
117,66021,2016-05-09 14:23:23,808,1
117,66021,2016-05-09 14:23:33,808,1
117,66021,2016-05-09 14:23:42,808,1
117,66021,2016-05-09 14:23:52,808,1
110,65002,2016-05-09 14:23:54,2046,1
117,66021,2016-05-09 14:24:01,808,1
117,66021,2016-05-09 14:24:11,808,1
117,66021,2016-05-09 14:24:21,809,1
117,66021,2016-05-09 14:24:30,809,1
117,66021,2016-05-09 14:24:39,809,1
117,66021,2016-05-09 14:24:49,809,1
110,17001,2016-05-09 14:24:56,2046,1
117,66021,2016-05-09 14:24:58,809,1
117,66021,2016-05-09 14:25:08,809,1
117,66021,2016-05-09 14:25:18,809,1
117,66021,2016-05-09 14:25:27,809,1
117,66021,2016-05-09 14:25:36,809,1
117,66021,2016-05-09 14:26:00,810,1
117,66021,2016-05-09 14:26:09,810,1
117,66021,2016-05-09 14:26:18,810,1
117,66021,2016-05-09 14:26:28,810,1
117,66021,2016-05-09 14:26:37,810,1
117,66021,2016-05-09 14:26:47,810,1
117,66021,2016-05-09 14:26:57,810,1
117,66021,2016-05-09 14:27:06,810,1
117,66021,2016-05-09 14:27:15,810,1
117,66021,2016-05-09 14:28:31,811,1
117,66021,2016-05-09 14:28:40,811,1
267,2,2016-05-09 14:28:42,2046,1
117,66021,2016-05-09 14:28:49,811,1
117,66021,2016-05-09 14:28:59,811,1
117,66021,2016-05-09 14:29:09,811,1
117,66021,2016-05-09 14:29:18,811,1
117,66021,2016-05-09 14:29:28,838,1
117,66021,2016-05-09 14:29:37,838,1
117,66021,2016-05-09 14:29:47,838,1
117,66021,2016-05-09 14:29:56,838,1
117,66021,2016-05-09 14:30:06,838,1
117,66021,2016-05-09 14:30:15,838,1
117,66021,2016-05-09 14:30:25,839,1
117,66021,2016-05-09 14:30:34,839,1
117,66021,2016-05-09 14:30:44,839,1
117,66021,2016-05-09 14:30:54,839,1
117,66021,2016-05-09 14:31:03,839,1
117,66021,2016-05-09 14:31:12,839,1
117,66021,2016-05-09 14:31:22,839,1
117,66021,2016-05-09 14:31:32,839,1
117,66021,2016-05-09 14:31:41,839,1
117,66021,2016-05-09 14:31:51,839,1
117,66021,2016-05-09 14:32:00,839,1
117,66021,2016-05-09 14:32:10,839,1
117,66021,2016-05-09 14:32:19,840,1
117,66021,2016-05-09 14:32:29,840,1
117,66021,2016-05-09 14:32:38,840,1
117,66021,2016-05-09 14:32:48,840,1
36,75101,2016-05-09 14:32:50,2046,1
117,66021,2016-05-09 14:32:57,840,1
117,66021,2016-05-09 14:33:07,840,1
117,66021,2016-05-09 14:33:16,840,1
117,66021,2016-05-09 14:33:26,840,1
117,66021,2016-05-09 14:33:35,840,1
117,66021,2016-05-09 14:33:45,841,1
117,66021,2016-05-09 14:33:54,841,1
117,66021,2016-05-09 14:34:04,841,1
117,65002,2016-05-09 14:34:14,2046,1
114,66021,2016-05-09 14:11:53,840,1
114,66021,2016-05-09 14:13:24,841,1
114,66021,2016-05-09 14:13:53,2047,2
33,66020,2016-05-09 14:14:25,213,1
114,66002,2016-05-09 14:14:36,2046,1
38,5000,2016-05-09 14:15:04,2046,1
33,66020,2016-05-09 14:16:04,225,1
33,66020,2016-05-09 14:17:20,228,1
114,66020,2016-05-09 14:17:35,2046,1
33,66020,2016-05-09 14:20:19,229,1
114,66020,2016-05-09 14:22:14,840,1
33,66020,2016-05-09 14:22:28,2047,2
33,66021,2016-05-09 14:22:42,2046,1
112,75002,2016-05-09 14:23:20,2046,1
114,66020,2016-05-09 14:23:35,839,1
114,66020,2016-05-09 14:24:34,838,1
109,65000,2016-05-09 14:25:27,2046,1
114,66020,2016-05-09 14:27:50,811,1
114,66020,2016-05-09 14:28:48,810,1
114,66020,2016-05-09 14:29:43,809,1
33,66021,2016-05-09 14:30:01,1229,1
33,66021,2016-05-09 14:30:56,226,1
114,66020,2016-05-09 14:32:22,808,1
114,66020,2016-05-09 14:33:15,807,1
114,66020,2016-05-09 14:35:09,212,1
33,66021,2016-05-09 14:35:59,213,1
33,66021,2016-05-09 14:39:39,869,1
41,66020,2016-05-09 14:42:05,2046,1
114,66020,2016-05-09 14:48:21,213,1
114,66020,2016-05-09 14:50:20,225,1
59,75170,2016-05-09 14:51:17,2046,1
41,66020,2016-05-09 14:52:18,840,1
33,66021,2016-05-09 14:53:04,807,1
41,66020,2016-05-09 14:53:49,839,1
41,66020,2016-05-09 14:54:29,838,1
33,66021,2016-05-09 14:54:34,808,1
114,66020,2016-05-09 14:54:44,228,1
33,66021,2016-05-09 14:56:38,809,1
114,66020,2016-05-09 14:56:56,229,1
41,66020,2016-05-09 14:57:51,811,1
33,66021,2016-05-09 14:57:53,810,1
41,66020,2016-05-09 14:59:18,810,1
114,66020,2016-05-09 14:59:44,2047,2
33,66021,2016-05-09 14:59:53,811,1
41,66020,2016-05-09 15:00:04,809,1
33,66021,2016-05-09 15:00:30,838,1
114,66021,2016-05-09 15:01:05,2046,1
33,66021,2016-05-09 15:01:58,839,1
41,66020,2016-05-09 15:02:47,808,1
41,66020,2016-05-09 15:03:41,807,1
33,66021,2016-05-09 15:03:58,840,1
33,66021,2016-05-09 15:05:23,841,1
41,66020,2016-05-09 15:05:31,212,1
33,66021,2016-05-09 15:05:55,2047,2
114,66021,2016-05-09 15:08:10,1229,1
38,2,2016-05-09 15:09:33,2046,1
33,66020,2016-05-09 15:09:35,2046,1
114,66021,2016-05-09 15:09:54,226,1
114,66021,2016-05-09 15:14:14,213,1
114,66021,2016-05-09 15:17:34,869,1
33,66020,2016-05-09 15:18:04,840,1
33,66020,2016-05-09 15:19:19,839,1
109,65001,2016-05-09 15:19:34,2046,1
41,66020,2016-05-09 15:19:55,213,1
33,66020,2016-05-09 15:20:09,838,1
41,66020,2016-05-09 15:21:35,225,1
33,66020,2016-05-09 15:23:34,811,1
33,66020,2016-05-09 15:24:33,810,1
33,66020,2016-05-09 15:25:05,809,1
41,66020,2016-05-09 15:26:35,228,1
33,66020,2016-05-09 15:27:59,808,1
33,66020,2016-05-09 15:28:57,807,1
41,66020,2016-05-09 15:29:20,229,1
33,66020,2016-05-09 15:30:08,212,1
41,66020,2016-05-09 15:30:31,2047,2
41,66021,2016-05-09 15:31:09,2046,1
114,66021,2016-05-09 15:33:10,807,1
114,66021,2016-05-09 15:34:49,808,1
114,66021,2016-05-09 15:36:19,809,1
114,66021,2016-05-09 15:38:41,810,1
41,66021,2016-05-09 15:39:12,1229,1
117,65002,2016-05-09 14:34:23,2046,1
117,65002,2016-05-09 14:34:33,2046,1
117,65002,2016-05-09 14:34:43,2046,1
117,65002,2016-05-09 14:34:52,2046,1
117,65002,2016-05-09 14:35:01,2046,1
117,65002,2016-05-09 14:35:11,2046,1
117,65002,2016-05-09 14:35:21,2046,1
117,65002,2016-05-09 14:35:30,2046,1
36,75002,2016-05-09 15:09:36,2046,1
40,73000,2016-05-09 15:15:45,2046,1
110,17010,2016-05-09 15:30:20,2046,1
40,75100,2016-05-09 15:39:01,2046,1
115,65001,2016-05-09 15:53:46,2046,1
110,65002,2016-05-09 16:17:21,2046,1
40,75101,2016-05-09 16:28:41,2046,1
115,65000,2016-05-09 16:35:11,2046,1
40,75130,2016-05-09 16:59:06,2046,1
116,73201,2016-05-09 17:14:30,2046,1
115,65001,2016-05-09 17:14:40,2046,1
40,75002,2016-05-09 17:20:48,2046,1
40,75002,2016-05-09 17:20:52,2046,1
59,75002,2016-05-09 17:40:42,2046,1
59,70100,2016-05-09 17:43:42,2046,1
116,73000,2016-05-09 17:44:07,2046,1
115,77002,2016-05-09 18:02:24,2046,1
116,75100,2016-05-09 18:11:25,2046,1
59,74110,2016-05-09 18:20:18,2046,1
35,73000,2016-05-09 18:37:50,2046,1
116,72020,2016-05-09 18:46:23,2046,1
42,75100,2016-05-09 18:52:22,2046,1
59,74111,2016-05-09 19:01:06,2046,1
35,75100,2016-05-09 19:08:40,2046,1
116,72002,2016-05-09 19:25:17,2046,1
59,70100,2016-05-09 19:32:06,2046,1
42,72000,2016-05-09 19:33:04,2046,1
41,66021,2016-05-09 15:40:26,226,1
114,66021,2016-05-09 15:41:10,811,1
59,75171,2016-05-09 15:41:37,2046,1
33,66020,2016-05-09 15:41:47,213,1
114,66021,2016-05-09 15:42:04,838,1
114,66021,2016-05-09 15:43:37,839,1
33,66020,2016-05-09 15:43:44,225,1
33,66020,2016-05-09 15:45:14,228,1
41,66021,2016-05-09 15:45:29,213,1
114,66021,2016-05-09 15:46:02,840,1
114,66021,2016-05-09 15:47:18,841,1
33,66020,2016-05-09 15:47:31,229,1
114,66021,2016-05-09 15:47:46,2047,2
41,66021,2016-05-09 15:48:06,869,1
114,66002,2016-05-09 15:48:22,2046,1
33,66020,2016-05-09 15:50:23,2047,2
33,66002,2016-05-09 15:50:44,2046,1
111,17001,2016-05-09 15:52:21,2046,1
34,66020,2016-05-09 15:53:12,2046,1
32,66021,2016-05-09 15:53:41,2046,1
32,66021,2016-05-09 15:55:05,1229,1
32,66021,2016-05-09 15:56:35,226,1
34,66020,2016-05-09 16:01:22,840,1
32,66021,2016-05-09 16:01:23,213,1
41,66021,2016-05-09 16:01:45,807,1
41,66021,2016-05-09 16:02:53,808,1
34,66020,2016-05-09 16:03:02,839,1
34,66020,2016-05-09 16:03:52,838,1
32,66021,2016-05-09 16:04:58,869,1
41,66021,2016-05-09 16:05:05,809,1
109,65002,2016-05-09 16:05:28,2046,1
41,66021,2016-05-09 16:06:06,810,1
34,66020,2016-05-09 16:07:43,811,1
41,66021,2016-05-09 16:07:55,811,1
41,66021,2016-05-09 16:08:27,838,1
34,66020,2016-05-09 16:08:53,810,1
34,66020,2016-05-09 16:09:49,809,1
41,66021,2016-05-09 16:10:02,839,1
33,66021,2016-05-09 16:10:15,2046,1
41,66021,2016-05-09 16:12:00,840,1
34,66020,2016-05-09 16:12:28,808,1
41,66021,2016-05-09 16:13:39,841,1
41,66021,2016-05-09 16:13:45,2047,2
34,66020,2016-05-09 16:15:24,807,1
33,66021,2016-05-09 16:15:56,1229,1
34,66020,2016-05-09 16:17:12,212,1
33,66021,2016-05-09 16:17:27,226,1
32,66021,2016-05-09 16:17:46,807,1
32,66021,2016-05-09 16:18:58,808,1
32,66021,2016-05-09 16:20:18,809,1
41,66020,2016-05-09 16:21:04,2046,1
32,66021,2016-05-09 16:21:59,810,1
33,66021,2016-05-09 16:22:05,213,1
32,66021,2016-05-09 16:23:58,811,1
33,66021,2016-05-09 16:24:51,869,1
32,66021,2016-05-09 16:25:21,838,1
32,66021,2016-05-09 16:27:20,839,1
32,66021,2016-05-09 16:29:47,840,1
34,66020,2016-05-09 16:30:23,213,1
32,66021,2016-05-09 16:31:12,841,1
38,71150,2016-05-09 16:31:25,2046,1
32,66021,2016-05-09 16:32:00,2047,2
34,66020,2016-05-09 16:32:17,225,1
41,66020,2016-05-09 16:33:39,840,1
32,66020,2016-05-09 16:33:59,2046,1
41,66020,2016-05-09 16:35:01,839,1
41,66020,2016-05-09 16:35:39,838,1
34,66020,2016-05-09 16:37:19,228,1
33,66021,2016-05-09 16:37:30,807,1
41,66020,2016-05-09 16:37:59,811,1
34,66020,2016-05-09 16:38:55,229,1
41,66020,2016-05-09 16:38:58,810,1
33,66021,2016-05-09 16:39:06,808,1
59,75002,2016-05-09 16:39:16,2046,1
41,66020,2016-05-09 16:39:50,809,1
33,66021,2016-05-09 16:40:40,809,1
34,66020,2016-05-09 16:41:14,2047,2
34,66021,2016-05-09 16:42:07,2046,1
33,66021,2016-05-09 16:42:11,810,1
36,75100,2016-05-09 16:42:33,2046,1
41,66020,2016-05-09 16:43:21,808,1
33,66021,2016-05-09 16:43:49,811,1
33,66021,2016-05-09 16:44:24,838,1
41,66020,2016-05-09 16:44:51,807,1
41,66020,2016-05-09 16:45:34,212,1
33,66021,2016-05-09 16:45:48,839,1
33,66021,2016-05-09 16:47:55,840,1
33,66021,2016-05-09 16:49:02,841,1
33,66021,2016-05-09 16:49:28,2047,2
33,120002,2016-05-09 16:50:07,2046,1
111,17010,2016-05-09 16:52:59,2046,1
34,66021,2016-05-09 16:58:03,1229,1
33,70002,2016-05-09 16:58:08,2046,1
41,66020,2016-05-09 16:58:59,213,1
32,66020,2016-05-09 16:59:05,840,1
34,66021,2016-05-09 17:00:20,226,1
32,66020,2016-05-09 17:00:28,839,1
41,66020,2016-05-09 17:00:30,225,1
32,66020,2016-05-09 17:01:21,838,1
41,66020,2016-05-09 17:04:14,228,1
34,66021,2016-05-09 17:04:19,213,1
32,66020,2016-05-09 17:06:04,811,1
41,66020,2016-05-09 17:06:38,229,1
32,66020,2016-05-09 17:07:13,810,1
34,66021,2016-05-09 17:07:25,869,1
32,66020,2016-05-09 17:07:48,809,1
38,71151,2016-05-09 17:08:11,2046,1
41,66020,2016-05-09 17:09:04,2047,2
41,66021,2016-05-09 17:09:21,2046,1
32,66020,2016-05-09 17:10:27,808,1
32,66020,2016-05-09 17:11:37,807,1
32,66020,2016-05-09 17:13:20,212,1
41,66021,2016-05-09 17:18:07,1229,1
41,66021,2016-05-09 17:19:49,226,1
36,75101,2016-05-09 17:20:51,2046,1
34,66021,2016-05-09 17:22:31,807,1
34,66021,2016-05-09 17:23:41,808,1
41,66021,2016-05-09 17:24:31,213,1
32,66020,2016-05-09 17:24:37,213,1
34,66021,2016-05-09 17:25:18,809,1
32,66020,2016-05-09 17:26:07,225,1
34,66021,2016-05-09 17:26:49,810,1
41,66021,2016-05-09 17:27:14,869,1
34,66021,2016-05-09 17:27:59,811,1
34,66021,2016-05-09 17:28:33,838,1
32,66020,2016-05-09 17:29:00,228,1
32,66020,2016-05-09 17:29:27,229,1
34,66021,2016-05-09 17:30:13,839,1
34,66021,2016-05-09 17:32:05,840,1
32,66020,2016-05-09 17:32:10,2047,2
32,66002,2016-05-09 17:32:54,2046,1
34,66021,2016-05-09 17:33:26,841,1
34,66021,2016-05-09 17:33:58,2047,2
34,66020,2016-05-09 17:36:36,2046,1
57,66021,2016-05-09 17:40:31,2046,1
41,66021,2016-05-09 17:41:03,807,1
41,66021,2016-05-09 17:42:10,808,1
57,66021,2016-05-09 17:43:05,1229,1
41,66021,2016-05-09 17:43:37,809,1
41,66021,2016-05-09 17:45:04,810,1
57,66021,2016-05-09 17:45:49,226,1
41,66021,2016-05-09 17:45:59,811,1
41,66021,2016-05-09 17:47:25,838,1
41,66021,2016-05-09 17:48:52,839,1
111,17011,2016-05-09 17:49:11,2046,1
57,66021,2016-05-09 17:49:48,213,1
41,66021,2016-05-09 17:52:08,840,1
41,66021,2016-05-09 17:53:00,841,1
41,66021,2016-05-09 17:53:28,2047,2
38,71150,2016-05-09 17:54:44,2046,1
57,66021,2016-05-09 17:55:35,869,1
41,66020,2016-05-09 17:55:38,2046,1
34,66020,2016-05-09 17:56:18,840,1
34,66020,2016-05-09 17:57:28,839,1
34,66020,2016-05-09 17:58:12,838,1
32,66021,2016-05-09 17:59:01,2046,1
34,66020,2016-05-09 18:01:39,811,1
32,66021,2016-05-09 18:02:06,1229,1
36,73201,2016-05-09 18:02:14,2046,1
34,66020,2016-05-09 18:03:10,810,1
34,66020,2016-05-09 18:04:10,809,1
32,66021,2016-05-09 18:04:54,226,1
37,66021,2016-05-09 17:11:22,2047,2
37,66020,2016-05-09 17:13:02,2046,1
42,75002,2016-05-09 17:19:17,2046,1
267,75130,2016-05-09 17:22:18,2046,1
113,65002,2016-05-09 17:23:36,2046,1
37,66020,2016-05-09 17:30:02,840,1
37,66020,2016-05-09 17:31:19,839,1
37,66020,2016-05-09 17:32:00,838,1
113,17000,2016-05-09 17:32:41,2046,1
60,125010,2016-05-09 17:33:35,2046,1
37,66020,2016-05-09 17:35:40,811,1
37,66020,2016-05-09 17:37:08,810,1
37,66020,2016-05-09 17:37:46,809,1
267,66002,2016-05-09 17:39:21,2046,1
37,66020,2016-05-09 17:40:30,808,1
37,66020,2016-05-09 17:41:23,807,1
37,66020,2016-05-09 17:43:23,212,1
109,75100,2016-05-09 17:47:53,2046,1
37,66020,2016-05-09 17:55:42,213,1
37,66020,2016-05-09 17:57:24,225,1
37,66020,2016-05-09 18:01:15,228,1
60,88200,2016-05-09 18:02:37,2046,1
114,120002,2016-05-09 18:03:16,2046,1
37,66020,2016-05-09 18:03:48,229,1
37,66020,2016-05-09 18:06:24,2047,2
37,66021,2016-05-09 18:06:57,2046,1
114,120000,2016-05-09 18:14:56,2046,1
37,66021,2016-05-09 18:22:02,1229,1
37,66021,2016-05-09 18:23:19,226,1
37,66021,2016-05-09 18:27:53,213,1
113,65002,2016-05-09 18:27:57,2046,1
113,17001,2016-05-09 18:29:37,2046,1
37,66021,2016-05-09 18:29:54,869,1
109,75101,2016-05-09 18:36:16,2046,1
37,66021,2016-05-09 18:43:04,807,1
60,2,2016-05-09 18:44:04,2046,1
37,66021,2016-05-09 18:45:01,808,1
37,66021,2016-05-09 18:46:54,809,1
114,120002,2016-05-09 18:47:56,2046,1
37,66021,2016-05-09 18:48:02,810,1
37,66021,2016-05-09 18:49:49,811,1
114,120001,2016-05-09 18:50:05,2046,1
37,66021,2016-05-09 18:50:21,838,1
37,66021,2016-05-09 18:51:44,839,1
37,66021,2016-05-09 18:53:43,840,1
37,66021,2016-05-09 18:55:45,841,1
37,66021,2016-05-09 18:56:14,2047,2
37,66002,2016-05-09 18:56:29,2046,1
114,73000,2016-05-09 19:20:02,2046,1
37,66021,2016-05-09 19:26:34,2046,1
113,65002,2016-05-09 19:28:56,2046,1
113,17000,2016-05-09 19:35:49,2046,1
112,65000,2016-05-09 17:33:00,2046,1
112,65001,2016-05-09 18:14:36,2046,1
118,17000,2016-05-09 18:28:43,2046,1
118,17000,2016-05-09 18:28:47,2046,1
112,65002,2016-05-09 18:56:58,2046,1
118,17001,2016-05-09 19:32:27,2046,1
34,66020,2016-05-09 18:06:55,808,1
34,66020,2016-05-09 18:07:57,807,1
34,66020,2016-05-09 18:09:09,212,1
57,66021,2016-05-09 18:09:26,807,1
32,66021,2016-05-09 18:09:49,213,1
57,66021,2016-05-09 18:10:46,808,1
32,66021,2016-05-09 18:12:52,869,1
57,66021,2016-05-09 18:12:52,809,1
57,66021,2016-05-09 18:14:07,810,1
57,66021,2016-05-09 18:15:52,811,1
57,66021,2016-05-09 18:16:29,838,1
41,66020,2016-05-09 18:17:19,840,1
57,66021,2016-05-09 18:18:11,839,1
41,66020,2016-05-09 18:18:28,839,1
41,66020,2016-05-09 18:19:36,838,1
57,66021,2016-05-09 18:20:16,840,1
41,66020,2016-05-09 18:21:36,811,1
110,65001,2016-05-09 18:21:39,2046,1
57,66021,2016-05-09 18:21:57,841,1
57,66021,2016-05-09 18:22:34,2047,2
41,66020,2016-05-09 18:22:37,810,1
41,66020,2016-05-09 18:23:14,809,1
34,66020,2016-05-09 18:23:51,213,1
57,66020,2016-05-09 18:25:22,2046,1
34,66020,2016-05-09 18:25:36,225,1
32,66021,2016-05-09 18:26:11,807,1
33,70100,2016-05-09 18:26:21,2046,1
41,66020,2016-05-09 18:27:15,808,1
34,66020,2016-05-09 18:27:22,228,1
41,66020,2016-05-09 18:28:19,807,1
32,66021,2016-05-09 18:28:27,808,1
34,66020,2016-05-09 18:29:22,229,1
41,66020,2016-05-09 18:30:01,212,1
32,66021,2016-05-09 18:30:03,809,1
34,66020,2016-05-09 18:31:42,2047,2
34,66021,2016-05-09 18:31:56,2046,1
32,66021,2016-05-09 18:32:00,810,1
38,71151,2016-05-09 18:33:28,2046,1
32,66021,2016-05-09 18:33:49,811,1
32,66021,2016-05-09 18:34:36,838,1
57,66020,2016-05-09 18:36:03,840,1
57,66020,2016-05-09 18:37:15,839,1
36,76110,2016-05-09 18:37:39,2046,1
57,66020,2016-05-09 18:38:04,838,1
32,66021,2016-05-09 18:38:17,839,1
32,66021,2016-05-09 18:39:45,840,1
34,66021,2016-05-09 18:40:06,1229,1
57,66020,2016-05-09 18:41:28,811,1
34,66021,2016-05-09 18:41:38,226,1
32,66021,2016-05-09 18:41:43,841,1
32,66021,2016-05-09 18:42:23,2047,2
32,66002,2016-05-09 18:42:38,2046,1
57,66020,2016-05-09 18:42:47,810,1
57,66020,2016-05-09 18:43:40,809,1
41,66020,2016-05-09 18:43:56,213,1
41,66020,2016-05-09 18:45:26,225,1
57,66020,2016-05-09 18:46:10,808,1
34,66021,2016-05-09 18:46:30,213,1
41,66020,2016-05-09 18:46:51,228,1
57,66020,2016-05-09 18:47:10,807,1
57,66020,2016-05-09 18:49:17,212,1
41,66020,2016-05-09 18:49:35,229,1
34,66021,2016-05-09 18:49:51,869,1
41,66020,2016-05-09 18:52:01,2047,2
41,66021,2016-05-09 18:52:13,2046,1
111,15002,2016-05-09 18:58:41,2046,1
33,70100,2016-05-09 18:59:50,2046,1
57,66020,2016-05-09 19:00:46,213,1
36,78000,2016-05-09 19:01:04,2046,1
57,66020,2016-05-09 19:02:20,225,1
57,66020,2016-05-09 19:03:26,228,1
41,66021,2016-05-09 19:04:17,1229,1
34,66021,2016-05-09 19:04:53,807,1
111,17010,2016-05-09 19:05:17,2046,1
57,66020,2016-05-09 19:05:34,229,1
41,66021,2016-05-09 19:05:56,226,1
34,66021,2016-05-09 19:06:11,808,1
34,66021,2016-05-09 19:07:51,809,1
57,5002,2016-05-09 19:08:32,2046,1
110,65000,2016-05-09 19:09:26,2046,1
34,66021,2016-05-09 19:10:03,810,1
109,73201,2016-05-09 19:10:10,2046,1
41,66021,2016-05-09 19:10:34,213,1
41,66021,2016-05-09 19:12:15,869,1
34,66021,2016-05-09 19:12:19,811,1
34,66021,2016-05-09 19:13:03,838,1
38,2,2016-05-09 19:13:56,2046,1
34,66021,2016-05-09 19:14:41,839,1
40,66020,2016-05-09 19:16:15,2046,1
34,66021,2016-05-09 19:17:16,840,1
34,66021,2016-05-09 19:18:07,841,1
34,66021,2016-05-09 19:18:33,2047,2
57,66021,2016-05-09 19:18:38,2046,1
40,66020,2016-05-09 19:19:48,840,1
34,77002,2016-05-09 19:20:01,2046,1
40,66020,2016-05-09 19:20:22,839,1
40,66020,2016-05-09 19:20:44,838,1
40,66020,2016-05-09 19:24:06,811,1
40,66020,2016-05-09 19:25:25,810,1
57,66021,2016-05-09 19:26:02,1229,1
40,66020,2016-05-09 19:26:12,809,1
41,66021,2016-05-09 19:26:12,807,1
41,66021,2016-05-09 19:27:05,808,1
57,66021,2016-05-09 19:27:08,226,1
41,66021,2016-05-09 19:28:35,809,1
36,70000,2016-05-09 19:29:36,2046,1
36,70000,2016-05-09 19:29:39,2046,1
40,66020,2016-05-09 19:30:06,808,1
40,66020,2016-05-09 19:30:14,807,1
41,66021,2016-05-09 19:30:14,810,1
33,77000,2016-05-09 19:30:46,2046,1
40,66020,2016-05-09 19:31:37,212,1
41,66021,2016-05-09 19:31:49,811,1
57,66021,2016-05-09 19:32:03,213,1
41,66021,2016-05-09 19:32:29,838,1
41,66021,2016-05-09 19:34:02,839,1
57,66021,2016-05-09 19:34:47,869,1
267,66020,2016-05-09 19:35:26,2046,1
41,66021,2016-05-09 19:36:11,840,1
109,70000,2016-05-09 19:36:32,2046,1
41,66021,2016-05-09 19:37:10,841,1
41,66021,2016-05-09 19:37:37,2047,2
41,66002,2016-05-09 19:38:24,2046,1
36,70002,2016-05-09 19:45:30,2046,1
35,75101,2016-05-09 19:45:42,2046,1
40,66020,2016-05-09 19:45:46,213,1
37,66021,2016-05-09 19:46:08,1229,1
111,15002,2016-05-09 19:46:15,2046,1
40,66020,2016-05-09 19:47:24,225,1
57,66021,2016-05-09 19:48:08,807,1
267,66020,2016-05-09 19:48:11,840,1
37,66021,2016-05-09 19:48:37,226,1
40,66020,2016-05-09 19:48:54,228,1
57,66021,2016-05-09 19:49:24,808,1
267,66020,2016-05-09 19:49:36,839,1
114,73002,2016-05-09 19:50:17,2046,1
267,66020,2016-05-09 19:50:30,838,1
57,66021,2016-05-09 19:50:43,809,1
57,66021,2016-05-09 19:52:15,810,1
37,66021,2016-05-09 19:52:17,213,1
40,66020,2016-05-09 19:52:23,229,1
267,66020,2016-05-09 19:53:42,811,1
57,66021,2016-05-09 19:53:56,811,1
33,77000,2016-05-09 19:54:17,2046,1
57,66021,2016-05-09 19:54:33,838,1
40,66020,2016-05-09 19:54:34,2047,2
267,66020,2016-05-09 19:54:47,810,1
37,66021,2016-05-09 19:54:51,869,1
267,66020,2016-05-09 19:55:27,809,1
57,66021,2016-05-09 19:56:06,839,1
57,66021,2016-05-09 19:58:05,840,1
267,66020,2016-05-09 19:58:12,808,1
57,66021,2016-05-09 19:59:01,841,1
109,70002,2016-05-09 19:59:09,2046,1
267,66020,2016-05-09 19:59:12,807,1
110,65001,2016-05-09 19:59:13,2046,1
57,66021,2016-05-09 19:59:28,2047,2
57,5002,2016-05-09 19:59:44,2046,1
267,66020,2016-05-09 20:00:25,212,1
60,2,2016-05-09 20:00:46,2046,1
40,66021,2016-05-09 20:02:57,2046,1
37,66021,2016-05-09 20:07:36,807,1
37,66021,2016-05-09 20:09:01,808,1
37,66021,2016-05-09 20:10:22,809,1
37,66021,2016-05-09 20:11:52,810,1
37,66021,2016-05-09 20:13:53,811,1
37,66021,2016-05-09 20:14:27,838,1
37,66021,2016-05-09 20:16:22,839,1
37,66021,2016-05-09 20:18:11,840,1
37,66021,2016-05-09 20:19:05,841,1
37,66021,2016-05-09 20:19:36,2047,2
37,66002,2016-05-09 20:19:50,2046,1
113,65002,2016-05-09 20:21:50,2046,1
40,66021,2016-05-09 20:09:12,1229,1
40,66021,2016-05-09 20:11:08,226,1
267,66020,2016-05-09 20:11:13,213,1
267,66020,2016-05-09 20:13:21,225,1
40,66021,2016-05-09 20:15:49,213,1
267,66020,2016-05-09 20:16:33,228,1
40,66021,2016-05-09 20:17:10,869,1
267,66020,2016-05-09 20:19:08,229,1
33,120100,2016-05-09 20:20:28,2046,1
267,66020,2016-05-09 20:21:30,2047,2
267,66021,2016-05-09 20:22:13,2046,1
40,66021,2016-05-09 20:32:04,807,1
267,66021,2016-05-09 20:32:12,1229,1
40,66021,2016-05-09 20:33:29,808,1
267,66021,2016-05-09 20:33:45,226,1
40,66021,2016-05-09 20:34:41,809,1
40,66021,2016-05-09 20:36:03,810,1
40,66021,2016-05-09 20:38:00,811,1
267,66021,2016-05-09 20:38:11,213,1
40,66021,2016-05-09 20:38:47,838,1
267,66021,2016-05-09 20:40:10,869,1
40,66021,2016-05-09 20:40:26,839,1
33,2,2016-05-09 20:40:47,2046,1
110,5002,2016-05-09 20:40:53,2046,1
40,66021,2016-05-09 20:42:33,840,1
40,66002,2016-05-09 20:44:29,2046,1
267,66021,2016-05-09 20:52:56,807,1
267,66021,2016-05-09 20:54:03,808,1
267,66021,2016-05-09 20:55:39,809,1
267,66021,2016-05-09 20:57:19,810,1
267,66021,2016-05-09 20:59:01,811,1
267,66021,2016-05-09 20:59:34,838,1
267,66021,2016-05-09 21:01:01,839,1
267,66021,2016-05-09 21:02:54,840,1
267,66021,2016-05-09 21:03:51,841,1
267,66021,2016-05-09 21:04:22,2047,2
267,66020,2016-05-09 21:06:20,2046,1
267,66020,2016-05-09 21:18:11,840,1
267,66020,2016-05-09 21:19:30,839,1
267,66020,2016-05-09 21:20:19,838,1
267,66020,2016-05-09 21:22:41,811,1
267,66020,2016-05-09 21:23:46,810,1
267,66020,2016-05-09 21:24:26,809,1
267,66020,2016-05-09 21:28:11,808,1
267,66020,2016-05-09 21:29:12,807,1
267,66020,2016-05-09 21:30:26,212,1
267,66020,2016-05-09 21:41:36,213,1
267,66020,2016-05-09 21:43:38,225,1
267,66020,2016-05-09 21:44:40,228,1
267,66020,2016-05-09 21:46:50,229,1
267,66020,2016-05-09 21:48:03,2047,2
267,66021,2016-05-09 21:49:15,2046,1
267,66021,2016-05-09 22:10:11,1229,1
267,66021,2016-05-09 22:12:01,226,1
267,66021,2016-05-09 22:16:17,213,1
267,66021,2016-05-09 22:18:14,869,1
267,66021,2016-05-09 22:31:41,807,1
267,66021,2016-05-09 22:32:50,808,1
267,66021,2016-05-09 22:34:37,809,1
267,66021,2016-05-09 22:36:06,810,1
267,66021,2016-05-09 22:37:20,811,1
267,66021,2016-05-09 22:38:25,838,1
267,66021,2016-05-09 22:39:59,839,1
267,66021,2016-05-09 22:42:08,840,1
267,66021,2016-05-09 22:43:24,841,1
267,66021,2016-05-09 22:43:57,2047,2
267,2,2016-05-09 22:45:20,2046,1
59,78020,2016-05-09 20:10:39,2046,1
35,75100,2016-05-09 20:17:25,2046,1
59,75002,2016-05-09 20:21:41,2046,1
42,75101,2016-05-09 20:21:51,2046,1
42,75002,2016-05-09 20:55:33,2046,1
35,75101,2016-05-09 20:56:57,2046,1
35,75002,2016-05-09 21:28:15,2046,1
60,66020,2016-05-09 20:15:23,2046,1
60,66020,2016-05-09 20:22:12,840,1
60,66020,2016-05-09 20:23:13,839,1
60,66020,2016-05-09 20:23:57,838,1
60,66020,2016-05-09 20:27:19,811,1
60,66020,2016-05-09 20:28:21,810,1
60,66020,2016-05-09 20:29:00,809,1
60,66020,2016-05-09 20:31:03,808,1
60,66020,2016-05-09 20:31:44,807,1
60,66020,2016-05-09 20:33:19,212,1
118,17010,2016-05-09 20:34:56,2046,1
118,17010,2016-05-09 20:35:06,2046,1
264,66020,2016-05-09 20:43:09,2046,1
60,66020,2016-05-09 20:44:56,213,1
60,66020,2016-05-09 20:46:57,225,1
60,66020,2016-05-09 20:48:09,228,1
60,66020,2016-05-09 20:50:16,229,1
264,66020,2016-05-09 20:51:04,840,1
60,66020,2016-05-09 20:51:49,2047,2
60,2,2016-05-09 20:52:04,2046,1
264,66020,2016-05-09 20:52:33,839,1
264,66020,2016-05-09 20:53:26,838,1
264,66020,2016-05-09 20:56:39,811,1
264,66020,2016-05-09 20:57:47,810,1
264,66020,2016-05-09 20:58:24,809,1
60,66021,2016-05-09 20:58:47,2046,1
60,66021,2016-05-09 21:00:12,1229,1
264,66020,2016-05-09 21:01:04,808,1
60,66021,2016-05-09 21:02:02,226,1
264,66020,2016-05-09 21:02:05,807,1
264,66020,2016-05-09 21:03:37,212,1
60,66021,2016-05-09 21:06:04,213,1
60,66021,2016-05-09 21:08:24,869,1
118,17202,2016-05-09 21:12:39,2046,1
118,17202,2016-05-09 21:13:19,2046,1
118,17202,2016-05-09 21:13:57,2046,1
264,66020,2016-05-09 21:16:31,213,1
264,66020,2016-05-09 21:18:28,225,1
264,66020,2016-05-09 21:21:27,228,1
60,66021,2016-05-09 21:21:54,807,1
264,66020,2016-05-09 21:24:07,229,1
60,66021,2016-05-09 21:24:10,808,1
60,66021,2016-05-09 21:25:27,809,1
264,66020,2016-05-09 21:26:22,2047,2
60,66021,2016-05-09 21:26:46,810,1
264,66021,2016-05-09 21:27:35,2046,1
60,66021,2016-05-09 21:28:15,811,1
60,66021,2016-05-09 21:28:50,838,1
60,66021,2016-05-09 21:30:11,839,1
264,66021,2016-05-09 21:30:11,1229,1
60,66021,2016-05-09 21:32:14,840,1
264,66021,2016-05-09 21:32:21,226,1
60,66021,2016-05-09 21:33:07,841,1
60,66021,2016-05-09 21:33:37,2047,2
60,2,2016-05-09 21:33:46,2046,1
60,66020,2016-05-09 21:36:00,2046,1
264,66021,2016-05-09 21:36:25,213,1
264,66021,2016-05-09 21:39:11,869,1
264,66021,2016-05-09 21:52:22,807,1
264,66021,2016-05-09 21:53:58,808,1
264,66021,2016-05-09 21:55:37,809,1
60,66020,2016-05-09 21:57:07,840,1
264,66021,2016-05-09 21:57:31,810,1
60,66020,2016-05-09 21:58:18,839,1
60,66020,2016-05-09 21:59:04,838,1
264,66021,2016-05-09 21:59:31,811,1
264,66021,2016-05-09 22:00:07,838,1
264,66021,2016-05-09 22:01:09,839,1
60,66020,2016-05-09 22:02:14,811,1
264,66021,2016-05-09 22:03:06,840,1
60,66020,2016-05-09 22:03:13,810,1
60,66020,2016-05-09 22:03:50,809,1
264,66021,2016-05-09 22:04:00,841,1
264,66021,2016-05-09 22:04:26,2047,2
264,66002,2016-05-09 22:04:44,2046,1
60,66020,2016-05-09 22:06:06,808,1
60,66020,2016-05-09 22:07:04,807,1
60,66020,2016-05-09 22:08:27,212,1
60,66020,2016-05-09 22:21:08,213,1
60,66020,2016-05-09 22:23:07,225,1
60,66020,2016-05-09 22:24:19,228,1
60,66020,2016-05-09 22:26:24,229,1
60,66020,2016-05-09 22:27:55,2047,2
60,2,2016-05-09 22:28:09,2046,1
60,66021,2016-05-09 22:37:00,2046,1
60,66021,2016-05-09 22:38:24,1229,1
60,66021,2016-05-09 22:40:05,226,1
60,66021,2016-05-09 22:44:34,213,1
60,66021,2016-05-09 22:48:08,869,1
264,66011,2016-05-09 22:55:30,2046,1
264,66011,2016-05-09 23:00:05,1229,1
264,66011,2016-05-09 23:01:17,226,1
60,66021,2016-05-09 23:01:58,807,1
60,66021,2016-05-09 23:03:12,808,1
60,66021,2016-05-09 23:04:22,809,1
60,66021,2016-05-09 23:05:47,810,1
264,66011,2016-05-09 23:06:04,213,1
60,66021,2016-05-09 23:07:07,811,1
60,66021,2016-05-09 23:07:40,838,1
264,66011,2016-05-09 23:08:53,869,1
60,66021,2016-05-09 23:09:25,839,1
60,66021,2016-05-09 23:11:22,840,1
60,66021,2016-05-09 23:12:13,841,1
60,66021,2016-05-09 23:12:39,2047,2
60,2,2016-05-09 23:12:48,2046,1
264,66011,2016-05-09 23:21:42,807,1
264,66011,2016-05-09 23:23:38,808,1
264,66011,2016-05-09 23:24:56,809,1
264,66002,2016-05-09 23:27:41,2046,1
